url,label,having_IP_Address,URL_Length,Shortining_Service,having_At_Symbol,double_slash_redirecting,Prefix_Suffix,having_Sub_Domain,SSLfinal_State,Domain_registeration_length,Favicon,port,HTTPS_token,Request_URL,URL_of_Anchor,Links_in_tags,SFH,Submitting_to_email,Abnormal_URL,Redirect,on_mouseover,RightClick,popUpWidnow,Iframe,age_of_domain,DNSRecord,web_traffic,Page_Rank,Google_Index,Links_pointing_to_page,Statistical_report
https://www.xfinityrefunds.com/TokenLogin,phishing,1.0,1.0,1.0,1.0,1.0,1.0,1.0,0.0,nan,1.0,1.0,1.0,1.0,-1.0,0.0,1.0,1.0,1.0,-1.0,1.0,1.0,1.0,1.0,nan,1.0,nan,nan,nan,nan,nan
https://www.xfinityrefunds.com/token/75BF4A363A50427CA6DF470D95E223BB,phishing,1.0,0.0,1.0,1.0,1.0,1.0,1.0,0.0,nan,1.0,1.0,1.0,1.0,-1.0,0.0,1.0,1.0,1.0,-1.0,1.0,1.0,1.0,1.0,nan,1.0,nan,nan,nan,nan,nan
http://www.h5-app.top/,phishing,1.0,1.0,1.0,1.0,1.0,-1.0,1.0,-1.0,nan,nan,1.0,1.0,nan,nan,nan,nan,nan,1.0,nan,nan,nan,nan,nan,nan,-1.0,nan,nan,nan,nan,nan
https://www.roblox.com.mu/users/9512649433/profile,phishing,1.0,1.0,1.0,1.0,1.0,1.0,1.0,0.0,nan,nan,1.0,1.0,nan,nan,nan,nan,nan,1.0,nan,nan,nan,nan,nan,nan,1.0,nan,nan,nan,nan,nan
https://83f7ab.icefactory.cl/,phishing,1.0,1.0,1.0,1.0,1.0,1.0,0.0,0.0,nan,nan,1.0,1.0,nan,nan,nan,nan,nan,1.0,nan,nan,nan,nan,nan,nan,1.0,nan,nan,nan,nan,nan
https://03dac8.icefactory.cl/,phishing,1.0,1.0,1.0,1.0,1.0,1.0,0.0,0.0,nan,nan,1.0,1.0,nan,nan,nan,nan,nan,1.0,nan,nan,nan,nan,nan,nan,1.0,nan,nan,nan,nan,nan
https://0c3cfe.icefactory.cl/,phishing,1.0,1.0,1.0,1.0,1.0,1.0,0.0,0.0,nan,nan,1.0,1.0,nan,nan,nan,nan,nan,1.0,nan,nan,nan,nan,nan,nan,1.0,nan,nan,nan,nan,nan
https://www.roblox.ly/games/142823291/Murder-Mystery-2?privateServerLinkCode=36640177625869759402653221967995,phishing,1.0,-1.0,1.0,1.0,1.0,1.0,1.0,0.0,nan,nan,1.0,1.0,nan,nan,nan,nan,nan,1.0,nan,nan,nan,nan,nan,nan,1.0,nan,nan,nan,nan,nan
https://69ad32.icefactory.cl/,phishing,1.0,1.0,1.0,1.0,1.0,1.0,0.0,0.0,nan,nan,1.0,1.0,nan,nan,nan,nan,nan,1.0,nan,nan,nan,nan,nan,nan,1.0,nan,nan,nan,nan,nan
https://www.roblox.ly/users/9266336035/profile),phishing,1.0,1.0,1.0,1.0,1.0,1.0,1.0,0.0,nan,nan,1.0,1.0,nan,nan,nan,nan,nan,1.0,nan,nan,nan,nan,nan,nan,1.0,nan,nan,nan,nan,nan
http://www.whatsappwebred.blogspot.com/,phishing,1.0,1.0,1.0,1.0,1.0,1.0,-1.0,-1.0,nan,nan,1.0,1.0,nan,nan,nan,nan,nan,1.0,nan,nan,nan,nan,nan,nan,1.0,nan,nan,nan,nan,nan
http://transcript.katanareviewpolicy.com/,phishing,1.0,1.0,1.0,1.0,1.0,1.0,0.0,-1.0,nan,-1.0,1.0,1.0,-1.0,-1.0,-1.0,1.0,1.0,1.0,-1.0,1.0,1.0,1.0,1.0,nan,1.0,nan,nan,nan,nan,nan
https://1d6c55.icefactory.cl/,phishing,1.0,1.0,1.0,1.0,1.0,1.0,0.0,0.0,nan,nan,1.0,1.0,nan,nan,nan,nan,nan,1.0,nan,nan,nan,nan,nan,nan,1.0,nan,nan,nan,nan,nan
https://626960.xyz/,phishing,1.0,1.0,1.0,1.0,1.0,1.0,1.0,0.0,nan,nan,1.0,1.0,nan,nan,nan,nan,nan,1.0,nan,nan,nan,nan,nan,nan,-1.0,nan,nan,nan,nan,nan
https://1acc0c.icefactory.cl/,phishing,1.0,1.0,1.0,1.0,1.0,1.0,0.0,0.0,nan,nan,1.0,1.0,nan,nan,nan,nan,nan,1.0,nan,nan,nan,nan,nan,nan,1.0,nan,nan,nan,nan,nan
https://7f001d.icefactory.cl/,phishing,1.0,1.0,1.0,1.0,1.0,1.0,0.0,0.0,nan,nan,1.0,1.0,nan,nan,nan,nan,nan,1.0,nan,nan,nan,nan,nan,nan,1.0,nan,nan,nan,nan,nan
https://venixfit.com/tpsuniversity/tpsuniversity.html,phishing,1.0,1.0,1.0,1.0,1.0,1.0,1.0,0.0,nan,nan,1.0,1.0,nan,nan,nan,nan,nan,1.0,nan,nan,nan,nan,nan,nan,1.0,nan,nan,nan,nan,nan
https://2d7dc0.icefactory.cl/,phishing,1.0,1.0,1.0,1.0,1.0,1.0,0.0,0.0,nan,nan,1.0,1.0,nan,nan,nan,nan,nan,1.0,nan,nan,nan,nan,nan,nan,1.0,nan,nan,nan,nan,nan
https://blushing-mission-518321.framer.app/,phishing,1.0,1.0,1.0,1.0,1.0,-1.0,0.0,0.0,nan,-1.0,1.0,1.0,-1.0,-1.0,-1.0,-1.0,1.0,1.0,-1.0,1.0,1.0,1.0,1.0,nan,1.0,nan,nan,nan,nan,nan
https://www.xfinityrefunds.com/TokenLogin,phishing,1.0,1.0,1.0,1.0,1.0,1.0,1.0,0.0,nan,1.0,1.0,1.0,1.0,-1.0,0.0,1.0,1.0,1.0,-1.0,1.0,1.0,1.0,1.0,nan,1.0,nan,nan,nan,nan,nan
https://www.xfinityrefunds.com/token/75BF4A363A50427CA6DF470D95E223BB,phishing,1.0,0.0,1.0,1.0,1.0,1.0,1.0,0.0,nan,1.0,1.0,1.0,1.0,-1.0,0.0,1.0,1.0,1.0,-1.0,1.0,1.0,1.0,1.0,nan,1.0,nan,nan,nan,nan,nan
http://www.h5-app.top/,phishing,1.0,1.0,1.0,1.0,1.0,-1.0,1.0,-1.0,nan,nan,1.0,1.0,nan,nan,nan,nan,nan,1.0,nan,nan,nan,nan,nan,nan,-1.0,nan,nan,nan,nan,nan
https://www.roblox.com.mu/users/9512649433/profile,phishing,1.0,1.0,1.0,1.0,1.0,1.0,1.0,0.0,nan,nan,1.0,1.0,nan,nan,nan,nan,nan,1.0,nan,nan,nan,nan,nan,nan,1.0,nan,nan,nan,nan,nan
https://83f7ab.icefactory.cl/,phishing,1.0,1.0,1.0,1.0,1.0,1.0,0.0,0.0,nan,nan,1.0,1.0,nan,nan,nan,nan,nan,1.0,nan,nan,nan,nan,nan,nan,1.0,nan,nan,nan,nan,nan
https://03dac8.icefactory.cl/,phishing,1.0,1.0,1.0,1.0,1.0,1.0,0.0,0.0,nan,nan,1.0,1.0,nan,nan,nan,nan,nan,1.0,nan,nan,nan,nan,nan,nan,1.0,nan,nan,nan,nan,nan
https://0c3cfe.icefactory.cl/,phishing,1.0,1.0,1.0,1.0,1.0,1.0,0.0,0.0,nan,nan,1.0,1.0,nan,nan,nan,nan,nan,1.0,nan,nan,nan,nan,nan,nan,1.0,nan,nan,nan,nan,nan
https://www.roblox.ly/games/142823291/Murder-Mystery-2?privateServerLinkCode=36640177625869759402653221967995,phishing,1.0,-1.0,1.0,1.0,1.0,1.0,1.0,0.0,nan,nan,1.0,1.0,nan,nan,nan,nan,nan,1.0,nan,nan,nan,nan,nan,nan,1.0,nan,nan,nan,nan,nan
https://69ad32.icefactory.cl/,phishing,1.0,1.0,1.0,1.0,1.0,1.0,0.0,0.0,nan,nan,1.0,1.0,nan,nan,nan,nan,nan,1.0,nan,nan,nan,nan,nan,nan,1.0,nan,nan,nan,nan,nan
https://www.roblox.ly/users/9266336035/profile),phishing,1.0,1.0,1.0,1.0,1.0,1.0,1.0,0.0,nan,nan,1.0,1.0,nan,nan,nan,nan,nan,1.0,nan,nan,nan,nan,nan,nan,1.0,nan,nan,nan,nan,nan
http://www.whatsappwebred.blogspot.com/,phishing,1.0,1.0,1.0,1.0,1.0,1.0,-1.0,-1.0,nan,-1.0,1.0,1.0,nan,-1.0,-1.0,0.0,1.0,1.0,-1.0,1.0,1.0,1.0,1.0,nan,1.0,nan,nan,nan,nan,nan
http://transcript.katanareviewpolicy.com/,phishing,1.0,1.0,1.0,1.0,1.0,1.0,0.0,-1.0,nan,-1.0,1.0,1.0,-1.0,-1.0,-1.0,1.0,1.0,1.0,-1.0,1.0,1.0,1.0,1.0,nan,1.0,nan,nan,nan,nan,nan
https://1d6c55.icefactory.cl/,phishing,1.0,1.0,1.0,1.0,1.0,1.0,0.0,0.0,nan,nan,1.0,1.0,nan,nan,nan,nan,nan,1.0,nan,nan,nan,nan,nan,nan,1.0,nan,nan,nan,nan,nan
https://626960.xyz/,phishing,1.0,1.0,1.0,1.0,1.0,1.0,1.0,0.0,nan,nan,1.0,1.0,nan,nan,nan,nan,nan,1.0,nan,nan,nan,nan,nan,nan,-1.0,nan,nan,nan,nan,nan
https://1acc0c.icefactory.cl/,phishing,1.0,1.0,1.0,1.0,1.0,1.0,0.0,0.0,nan,nan,1.0,1.0,nan,nan,nan,nan,nan,1.0,nan,nan,nan,nan,nan,nan,1.0,nan,nan,nan,nan,nan
https://7f001d.icefactory.cl/,phishing,1.0,1.0,1.0,1.0,1.0,1.0,0.0,0.0,nan,nan,1.0,1.0,nan,nan,nan,nan,nan,1.0,nan,nan,nan,nan,nan,nan,1.0,nan,nan,nan,nan,nan
https://venixfit.com/tpsuniversity/tpsuniversity.html,phishing,1.0,1.0,1.0,1.0,1.0,1.0,1.0,0.0,nan,nan,1.0,1.0,nan,nan,nan,nan,nan,1.0,nan,nan,nan,nan,nan,nan,1.0,nan,nan,nan,nan,nan
https://2d7dc0.icefactory.cl/,phishing,1.0,1.0,1.0,1.0,1.0,1.0,0.0,0.0,nan,nan,1.0,1.0,nan,nan,nan,nan,nan,1.0,nan,nan,nan,nan,nan,nan,1.0,nan,nan,nan,nan,nan
https://blushing-mission-518321.framer.app/,phishing,1.0,1.0,1.0,1.0,1.0,-1.0,0.0,0.0,nan,-1.0,1.0,1.0,-1.0,-1.0,-1.0,-1.0,1.0,1.0,-1.0,1.0,1.0,1.0,1.0,nan,1.0,nan,nan,nan,nan,nan
http://vvrl.cc/ad09aa,phishing,1.0,1.0,1.0,1.0,1.0,1.0,1.0,-1.0,nan,1.0,1.0,1.0,nan,1.0,1.0,1.0,1.0,1.0,-1.0,1.0,1.0,1.0,1.0,nan,1.0,nan,nan,nan,nan,nan
http://cloud-ledgre-liv.pages.dev/,phishing,1.0,1.0,1.0,1.0,1.0,-1.0,0.0,-1.0,nan,nan,1.0,1.0,nan,nan,nan,nan,nan,1.0,nan,nan,nan,nan,nan,nan,1.0,nan,nan,nan,nan,nan
https://qwxqw.pages.dev/,phishing,1.0,1.0,1.0,1.0,1.0,1.0,0.0,0.0,nan,1.0,1.0,1.0,1.0,-1.0,0.0,0.0,1.0,1.0,-1.0,1.0,1.0,1.0,1.0,nan,1.0,nan,nan,nan,nan,nan
https://fa91d1.icefactory.cl/,phishing,1.0,1.0,1.0,1.0,1.0,1.0,0.0,0.0,nan,nan,1.0,1.0,nan,nan,nan,nan,nan,1.0,nan,nan,nan,nan,nan,nan,1.0,nan,nan,nan,nan,nan
http://shopeesellerjob.com/,phishing,1.0,1.0,1.0,1.0,1.0,1.0,1.0,-1.0,nan,1.0,1.0,1.0,nan,1.0,0.0,1.0,1.0,1.0,-1.0,1.0,1.0,1.0,1.0,nan,1.0,nan,nan,nan,nan,nan
http://bold-app-ledgerstart.pages.dev/,phishing,1.0,1.0,1.0,1.0,1.0,-1.0,0.0,-1.0,nan,nan,1.0,1.0,nan,nan,nan,nan,nan,1.0,nan,nan,nan,nan,nan,nan,1.0,nan,nan,nan,nan,nan
http://blockbook-doge.sspwallet.io/,phishing,1.0,1.0,1.0,1.0,1.0,-1.0,0.0,-1.0,nan,nan,1.0,1.0,nan,nan,nan,nan,nan,1.0,nan,nan,nan,nan,nan,nan,1.0,nan,nan,nan,nan,nan
http://blockbook-ltc.sspwallet.io/,phishing,1.0,1.0,1.0,1.0,1.0,-1.0,0.0,-1.0,nan,1.0,1.0,1.0,nan,1.0,1.0,1.0,1.0,1.0,-1.0,1.0,1.0,1.0,1.0,nan,1.0,nan,nan,nan,nan,nan
http://bet298.co/poker/216,phishing,1.0,1.0,1.0,1.0,1.0,1.0,1.0,-1.0,nan,1.0,1.0,1.0,nan,1.0,nan,1.0,1.0,1.0,-1.0,1.0,1.0,1.0,1.0,nan,1.0,nan,nan,nan,nan,nan
http://bet298.co/fish/29,phishing,1.0,1.0,1.0,1.0,1.0,1.0,1.0,-1.0,nan,nan,1.0,1.0,nan,nan,nan,nan,nan,1.0,nan,nan,nan,nan,nan,nan,1.0,nan,nan,nan,nan,nan
https://695615.icefactory.cl/,phishing,1.0,1.0,1.0,1.0,1.0,1.0,0.0,0.0,nan,nan,1.0,1.0,nan,nan,nan,nan,nan,1.0,nan,nan,nan,nan,nan,nan,1.0,nan,nan,nan,nan,nan
http://ihttps-www-roblox.co/login?returnUrl=16687975,phishing,1.0,1.0,1.0,1.0,1.0,-1.0,1.0,-1.0,nan,-1.0,1.0,-1.0,-1.0,0.0,-1.0,-1.0,1.0,1.0,1.0,1.0,1.0,1.0,-1.0,nan,1.0,nan,nan,nan,nan,nan
https://ecuardorcredit--ecuadorcred.replit.app/,phishing,1.0,1.0,1.0,1.0,1.0,-1.0,0.0,0.0,nan,nan,1.0,1.0,nan,nan,nan,nan,nan,1.0,nan,nan,nan,nan,nan,nan,1.0,nan,nan,nan,nan,nan
https://frontend-eight-gamma-89.vercel.app/,phishing,1.0,1.0,1.0,1.0,1.0,-1.0,0.0,0.0,nan,-1.0,1.0,1.0,nan,1.0,0.0,1.0,1.0,1.0,-1.0,1.0,1.0,1.0,1.0,nan,1.0,nan,nan,nan,nan,nan
http://zdkpt32bfrn-wjsngskr-5d8c1f-zdk65c.pages.dev/,phishing,1.0,1.0,1.0,1.0,1.0,-1.0,0.0,-1.0,nan,1.0,1.0,1.0,nan,1.0,1.0,1.0,1.0,1.0,-1.0,1.0,1.0,1.0,1.0,nan,1.0,nan,nan,nan,nan,nan
https://urlto.me/20t96,phishing,1.0,1.0,1.0,1.0,1.0,1.0,1.0,0.0,nan,-1.0,1.0,1.0,-1.0,1.0,-1.0,1.0,1.0,1.0,-1.0,1.0,1.0,1.0,1.0,nan,1.0,nan,nan,nan,nan,nan
https://e94ad2.icefactory.cl/,phishing,1.0,1.0,1.0,1.0,1.0,1.0,0.0,0.0,nan,nan,1.0,1.0,nan,nan,nan,nan,nan,1.0,nan,nan,nan,nan,nan,nan,1.0,nan,nan,nan,nan,nan
https://df4f2f.icefactory.cl/Sgnczba74YHNuEY0xvVUpDeMEpanPSRYZW2A9Noog1YepBQKbaaSfaBGpGN1oHL5/?rotated=1,phishing,1.0,-1.0,1.0,1.0,1.0,1.0,0.0,0.0,nan,nan,1.0,1.0,nan,nan,nan,nan,nan,1.0,nan,nan,nan,nan,nan,nan,1.0,nan,nan,nan,nan,nan
http://71a71d.icefactory.cl/,phishing,1.0,1.0,1.0,1.0,1.0,1.0,0.0,-1.0,nan,nan,1.0,1.0,nan,nan,nan,nan,nan,1.0,nan,nan,nan,nan,nan,nan,1.0,nan,nan,nan,nan,nan
https://s4w.in/https:-www-robiox-com-users9536463287profile,phishing,1.0,0.0,1.0,1.0,1.0,1.0,1.0,0.0,nan,nan,1.0,1.0,nan,nan,nan,nan,nan,1.0,nan,nan,nan,nan,nan,nan,1.0,nan,nan,nan,nan,nan
https://www.robiox.com.gr/users/9536463287/profile,phishing,1.0,1.0,1.0,1.0,1.0,1.0,1.0,0.0,nan,nan,1.0,1.0,nan,nan,nan,nan,nan,1.0,nan,nan,nan,nan,nan,nan,1.0,nan,nan,nan,nan,nan
https://g26r1.icu/uiehaopm/,phishing,1.0,1.0,1.0,1.0,1.0,1.0,1.0,0.0,nan,nan,1.0,1.0,nan,nan,nan,nan,nan,1.0,nan,nan,nan,nan,nan,nan,1.0,nan,nan,nan,nan,nan
http://ledger-account-desk.pages.dev/,phishing,1.0,1.0,1.0,1.0,1.0,-1.0,0.0,-1.0,nan,nan,1.0,1.0,nan,nan,nan,nan,nan,1.0,nan,nan,nan,nan,nan,nan,1.0,nan,nan,nan,nan,nan
https://97ee9.catex.at/cnbcard/?b=YTo0OntzOjU6ImxhYmVsIjtzOjM6ImdkciI7czozOiJ1c3IiO2k6MTYxNjtzOjQ6Im5vcGQiO3M6MTQ6InJzczIuc2F5bGVyLmF0IjtzOjE6Im8iO2k6MjEzNTt9,phishing,1.0,-1.0,1.0,1.0,1.0,1.0,0.0,0.0,nan,1.0,1.0,1.0,-1.0,-1.0,0.0,1.0,1.0,1.0,-1.0,1.0,1.0,1.0,1.0,nan,1.0,nan,nan,nan,nan,nan
https://www.duishalik.blogspot.com/,phishing,1.0,1.0,1.0,1.0,1.0,1.0,-1.0,0.0,nan,nan,1.0,1.0,nan,nan,nan,nan,nan,1.0,nan,nan,nan,nan,nan,nan,1.0,nan,nan,nan,nan,nan
http://apps-us-desktop-ledgre.pages.dev/,phishing,1.0,1.0,1.0,1.0,1.0,-1.0,0.0,-1.0,nan,nan,1.0,1.0,nan,nan,nan,nan,nan,1.0,nan,nan,nan,nan,nan,nan,1.0,nan,nan,nan,nan,nan
https://gs.opdhxe.com/peter/ScXeQ06.htm?key=8f4K9mQ2Xx7,phishing,1.0,0.0,1.0,1.0,1.0,1.0,0.0,0.0,nan,1.0,1.0,1.0,-1.0,1.0,-1.0,0.0,1.0,1.0,-1.0,1.0,1.0,1.0,1.0,nan,1.0,nan,nan,nan,nan,nan
https://com-ledger-lyve.pages.dev/,phishing,1.0,1.0,1.0,1.0,1.0,-1.0,0.0,0.0,nan,nan,1.0,1.0,nan,nan,nan,nan,nan,1.0,nan,nan,nan,nan,nan,nan,1.0,nan,nan,nan,nan,nan
https://mail1.aselsan.com.tr/owa/auth/logon.aspx,phishing,1.0,1.0,1.0,1.0,1.0,1.0,0.0,0.0,nan,1.0,1.0,1.0,1.0,-1.0,1.0,1.0,1.0,1.0,-1.0,1.0,1.0,1.0,1.0,nan,1.0,nan,nan,nan,nan,nan
http://mail1.aselsan.com.tr/,phishing,1.0,1.0,1.0,1.0,1.0,1.0,0.0,-1.0,nan,nan,1.0,1.0,nan,nan,nan,nan,nan,1.0,nan,nan,nan,nan,nan,nan,1.0,nan,nan,nan,nan,nan
https://www.money-guard.online/,phishing,1.0,1.0,1.0,1.0,1.0,-1.0,1.0,0.0,nan,nan,1.0,1.0,nan,nan,nan,nan,nan,1.0,nan,nan,nan,nan,nan,nan,1.0,nan,nan,nan,nan,nan
https://reqtube.com/uiehaopm/,phishing,1.0,1.0,1.0,1.0,1.0,1.0,1.0,0.0,nan,nan,1.0,1.0,nan,nan,nan,nan,nan,1.0,nan,nan,nan,nan,nan,nan,1.0,nan,nan,nan,nan,nan
http://ledgerlive-dowload.pages.dev/,phishing,1.0,1.0,1.0,1.0,1.0,-1.0,0.0,-1.0,nan,nan,1.0,1.0,nan,nan,nan,nan,nan,1.0,nan,nan,nan,nan,nan,nan,1.0,nan,nan,nan,nan,nan
https://jvr-portal.metaprofiling.com/Account/LogOn?ReturnUrl=%2F,phishing,1.0,0.0,1.0,1.0,1.0,-1.0,0.0,0.0,nan,1.0,1.0,1.0,1.0,0.0,1.0,1.0,1.0,1.0,-1.0,1.0,1.0,1.0,1.0,nan,1.0,nan,nan,nan,nan,nan
https://jvr-portal.metaprofiling.com/,phishing,1.0,1.0,1.0,1.0,1.0,-1.0,0.0,0.0,nan,nan,1.0,1.0,nan,nan,nan,nan,nan,1.0,nan,nan,nan,nan,nan,nan,1.0,nan,nan,nan,nan,nan
https://assessment-portal.metaprofiling.com/Account/LogOn?ReturnUrl=%2F,phishing,1.0,0.0,1.0,1.0,1.0,-1.0,0.0,0.0,nan,nan,1.0,1.0,nan,nan,nan,nan,nan,1.0,nan,nan,nan,nan,nan,nan,1.0,nan,nan,nan,nan,nan
https://assessment-portal.metaprofiling.com/,phishing,1.0,1.0,1.0,1.0,1.0,-1.0,0.0,0.0,nan,nan,1.0,1.0,nan,nan,nan,nan,nan,1.0,nan,nan,nan,nan,nan,nan,1.0,nan,nan,nan,nan,nan
http://premierepulse.top/,phishing,1.0,1.0,1.0,1.0,1.0,1.0,1.0,-1.0,nan,nan,1.0,1.0,nan,nan,nan,nan,nan,1.0,nan,nan,nan,nan,nan,nan,1.0,nan,nan,nan,nan,nan
https://www.roblox.com.bi/games/122310270867133/DUELIST-PvP?privateServerLinkCode=62163753765523904476096247126035&game_id=122310270867133&game_name=DUELIST-PvP,phishing,1.0,-1.0,1.0,1.0,1.0,1.0,1.0,0.0,nan,-1.0,1.0,1.0,-1.0,-1.0,-1.0,1.0,1.0,1.0,-1.0,1.0,1.0,1.0,1.0,nan,1.0,nan,nan,nan,nan,nan
https://www.kayak.it/Lombardia-Italia-Hotel.1668.dr.html,phishing,1.0,0.0,1.0,1.0,1.0,1.0,1.0,0.0,nan,1.0,1.0,1.0,-1.0,1.0,-1.0,1.0,1.0,1.0,0.0,1.0,1.0,1.0,1.0,nan,1.0,nan,nan,nan,nan,nan
https://rroblox.wf/users/19224553911/profile,phishing,1.0,1.0,1.0,1.0,1.0,1.0,1.0,0.0,nan,-1.0,1.0,1.0,-1.0,-1.0,-1.0,1.0,1.0,1.0,-1.0,1.0,1.0,1.0,1.0,nan,1.0,nan,nan,nan,nan,nan
https://net16ct-kav-biz-nori-telu.pages.dev/,phishing,1.0,1.0,1.0,1.0,1.0,-1.0,0.0,0.0,nan,nan,1.0,1.0,nan,nan,nan,nan,nan,1.0,nan,nan,nan,nan,nan,nan,1.0,nan,nan,nan,nan,nan
http://bhdpulseacut0808.yzz.me/,phishing,1.0,1.0,1.0,1.0,1.0,1.0,0.0,-1.0,nan,nan,1.0,1.0,nan,nan,nan,nan,nan,1.0,nan,nan,nan,nan,nan,nan,1.0,nan,nan,nan,nan,nan
https://bnpp.test.verifcv.com/connexion,phishing,1.0,1.0,1.0,1.0,1.0,1.0,-1.0,0.0,nan,nan,1.0,1.0,nan,nan,nan,nan,nan,1.0,nan,nan,nan,nan,nan,nan,1.0,nan,nan,nan,nan,nan
https://orange-nl.comparecycle.com/nl,phishing,1.0,1.0,1.0,1.0,1.0,-1.0,0.0,0.0,nan,-1.0,1.0,1.0,0.0,1.0,0.0,-1.0,1.0,1.0,-1.0,1.0,1.0,1.0,1.0,nan,1.0,nan,nan,nan,nan,nan
https://creditoecuador-46--ecuadorcredit3.replit.app/,phishing,1.0,1.0,1.0,1.0,1.0,-1.0,0.0,0.0,nan,nan,1.0,1.0,nan,nan,nan,nan,nan,1.0,nan,nan,nan,nan,nan,nan,1.0,nan,nan,nan,nan,nan
https://326945.xyz/,phishing,1.0,1.0,1.0,1.0,1.0,1.0,1.0,0.0,nan,nan,1.0,1.0,nan,nan,nan,nan,nan,1.0,nan,nan,nan,nan,nan,nan,-1.0,nan,nan,nan,nan,nan
https://bybiititnc.com/,phishing,1.0,1.0,1.0,1.0,1.0,1.0,1.0,0.0,nan,1.0,1.0,1.0,nan,-1.0,1.0,1.0,1.0,1.0,-1.0,1.0,1.0,1.0,1.0,nan,1.0,nan,nan,nan,nan,nan
http://solicitudespersonas360bc.com/,phishing,1.0,1.0,1.0,1.0,1.0,1.0,1.0,-1.0,nan,nan,1.0,1.0,nan,nan,nan,nan,nan,1.0,nan,nan,nan,nan,nan,nan,-1.0,nan,nan,nan,nan,nan
https://lnk.ink/robIox.com.users-35149531842.profile/,phishing,1.0,1.0,1.0,1.0,1.0,1.0,1.0,0.0,nan,nan,1.0,1.0,nan,nan,nan,nan,nan,1.0,nan,nan,nan,nan,nan,nan,1.0,nan,nan,nan,nan,nan
http://cbgroupca.com/,phishing,1.0,1.0,1.0,1.0,1.0,1.0,1.0,-1.0,nan,nan,1.0,1.0,nan,nan,nan,nan,nan,1.0,nan,nan,nan,nan,nan,nan,-1.0,nan,nan,nan,nan,nan
https://online-ops.mypasschange.com/landingPage/2/96a2809e94d411f1abc80a58a9feac02,phishing,1.0,-1.0,1.0,1.0,1.0,-1.0,0.0,0.0,nan,1.0,1.0,1.0,nan,1.0,1.0,-1.0,1.0,1.0,-1.0,1.0,1.0,1.0,1.0,nan,1.0,nan,nan,nan,nan,nan
https://www.tjvgyph.shop/,phishing,1.0,1.0,1.0,1.0,1.0,1.0,1.0,0.0,nan,1.0,1.0,1.0,-1.0,1.0,nan,1.0,1.0,1.0,-1.0,1.0,1.0,1.0,1.0,nan,1.0,nan,nan,nan,nan,nan
https://dana-id.websitecare1.biz.id/,phishing,1.0,1.0,1.0,1.0,1.0,-1.0,0.0,0.0,nan,-1.0,1.0,1.0,nan,1.0,-1.0,-1.0,1.0,1.0,-1.0,1.0,1.0,1.0,1.0,nan,1.0,nan,nan,nan,nan,nan
https://yarenbocekilaclama.com/Login/?token=0090cebc33b61b2c6b108c7ae41d8818a34e64993f300df48149d49e391870fb3b6930df17e66a48b6902d45ed62236a9cb8e1ebc36a294fbeec6d43e5ff4814,phishing,1.0,-1.0,1.0,1.0,1.0,1.0,1.0,0.0,nan,nan,1.0,1.0,nan,nan,nan,nan,nan,1.0,nan,nan,nan,nan,nan,nan,-1.0,nan,nan,nan,nan,nan
https://yarenbocekilaclama.com/,phishing,1.0,1.0,1.0,1.0,1.0,1.0,1.0,0.0,nan,nan,1.0,1.0,nan,nan,nan,nan,nan,1.0,nan,nan,nan,nan,nan,nan,-1.0,nan,nan,nan,nan,nan
https://querrymambatik.org/,phishing,1.0,1.0,1.0,1.0,1.0,1.0,1.0,0.0,nan,1.0,1.0,1.0,nan,1.0,0.0,1.0,1.0,1.0,-1.0,1.0,1.0,1.0,1.0,nan,1.0,nan,nan,nan,nan,nan
http://remvends.com/,phishing,1.0,1.0,1.0,1.0,1.0,1.0,1.0,-1.0,nan,nan,1.0,1.0,nan,nan,nan,nan,nan,1.0,nan,nan,nan,nan,nan,nan,1.0,nan,nan,nan,nan,nan
http://www.vartellondigital.life/resgatar/,phishing,1.0,1.0,1.0,1.0,1.0,1.0,1.0,-1.0,nan,1.0,1.0,1.0,nan,1.0,0.0,1.0,1.0,1.0,-1.0,1.0,1.0,1.0,1.0,nan,1.0,nan,nan,nan,nan,nan
https://www.taskpartners.vercel.app/,phishing,1.0,1.0,1.0,1.0,1.0,1.0,-1.0,0.0,nan,nan,1.0,1.0,nan,nan,nan,nan,nan,1.0,nan,nan,nan,nan,nan,nan,1.0,nan,nan,nan,nan,nan
http://www.vartellondigital.life/inicio/,phishing,1.0,1.0,1.0,1.0,1.0,1.0,1.0,-1.0,nan,1.0,1.0,1.0,nan,1.0,0.0,1.0,1.0,1.0,-1.0,1.0,1.0,1.0,1.0,nan,1.0,nan,nan,nan,nan,nan
http://www.vartellondigital.life/confirmar-saque/,phishing,1.0,1.0,1.0,1.0,1.0,1.0,1.0,-1.0,nan,1.0,1.0,1.0,nan,1.0,0.0,1.0,1.0,1.0,-1.0,1.0,1.0,1.0,1.0,nan,1.0,nan,nan,nan,nan,nan
http://www.norvathglobal.life/resgatar/,phishing,1.0,1.0,1.0,1.0,1.0,1.0,1.0,-1.0,nan,1.0,1.0,1.0,nan,1.0,0.0,1.0,1.0,1.0,-1.0,1.0,1.0,1.0,1.0,nan,1.0,nan,nan,nan,nan,nan
http://www.norvathglobal.life/confirmar-saque/,phishing,1.0,1.0,1.0,1.0,1.0,1.0,1.0,-1.0,nan,1.0,1.0,1.0,nan,1.0,0.0,1.0,1.0,1.0,-1.0,1.0,1.0,1.0,1.0,nan,1.0,nan,nan,nan,nan,nan
http://www.northstardigital.life/resgatar/,phishing,1.0,1.0,1.0,1.0,1.0,1.0,1.0,-1.0,nan,1.0,1.0,1.0,nan,1.0,0.0,1.0,1.0,1.0,-1.0,1.0,1.0,1.0,1.0,nan,1.0,nan,nan,nan,nan,nan
http://www.ottkdigital.vercel.app/,phishing,1.0,1.0,1.0,1.0,1.0,1.0,-1.0,-1.0,nan,nan,1.0,1.0,nan,nan,nan,nan,nan,1.0,nan,nan,nan,nan,nan,nan,1.0,nan,nan,nan,nan,nan
http://www.northstardigital.life/inicio/,phishing,1.0,1.0,1.0,1.0,1.0,1.0,1.0,-1.0,nan,1.0,1.0,1.0,nan,1.0,0.0,1.0,1.0,1.0,-1.0,1.0,1.0,1.0,1.0,nan,1.0,nan,nan,nan,nan,nan
http://www.accessotkkdigital.vercel.app/,phishing,1.0,1.0,1.0,1.0,1.0,1.0,-1.0,-1.0,nan,nan,1.0,1.0,nan,nan,nan,nan,nan,1.0,nan,nan,nan,nan,nan,nan,1.0,nan,nan,nan,nan,nan
http://tkacess.vercel.app/confirmar-saque/,phishing,1.0,1.0,1.0,1.0,1.0,1.0,0.0,-1.0,nan,nan,1.0,1.0,nan,nan,nan,nan,nan,1.0,nan,nan,nan,nan,nan,nan,1.0,nan,nan,nan,nan,nan
http://taskpartners.vercel.app/,phishing,1.0,1.0,1.0,1.0,1.0,1.0,0.0,-1.0,nan,1.0,1.0,1.0,nan,1.0,0.0,1.0,1.0,1.0,-1.0,1.0,1.0,1.0,1.0,nan,1.0,nan,nan,nan,nan,nan
http://sobe-ai-sim.vercel.app/,phishing,1.0,1.0,1.0,1.0,1.0,-1.0,0.0,-1.0,nan,nan,1.0,1.0,nan,nan,nan,nan,nan,1.0,nan,nan,nan,nan,nan,nan,1.0,nan,nan,nan,nan,nan
http://ottkdigital.vercel.app/confirmar-saque/,phishing,1.0,1.0,1.0,1.0,1.0,1.0,0.0,-1.0,nan,1.0,1.0,1.0,nan,1.0,1.0,1.0,1.0,1.0,-1.0,1.0,1.0,1.0,1.0,nan,1.0,nan,nan,nan,nan,nan
http://ottkdigital.vercel.app/,phishing,1.0,1.0,1.0,1.0,1.0,1.0,0.0,-1.0,nan,nan,1.0,1.0,nan,nan,nan,nan,nan,1.0,nan,nan,nan,nan,nan,nan,1.0,nan,nan,nan,nan,nan
http://otkdigitalacess.vercel.app/confirmar-saque/,phishing,1.0,1.0,1.0,1.0,1.0,1.0,0.0,-1.0,nan,1.0,1.0,1.0,nan,1.0,1.0,1.0,1.0,1.0,-1.0,1.0,1.0,1.0,1.0,nan,1.0,nan,nan,nan,nan,nan
http://otkdigitalacess.vercel.app/resgatar/,phishing,1.0,1.0,1.0,1.0,1.0,1.0,0.0,-1.0,nan,1.0,1.0,1.0,nan,1.0,1.0,1.0,1.0,1.0,-1.0,1.0,1.0,1.0,1.0,nan,1.0,nan,nan,nan,nan,nan
http://otkacess.vercel.app/confirmar-saque/,phishing,1.0,1.0,1.0,1.0,1.0,1.0,0.0,-1.0,nan,1.0,1.0,1.0,nan,1.0,1.0,1.0,1.0,1.0,-1.0,1.0,1.0,1.0,1.0,nan,1.0,nan,nan,nan,nan,nan
http://otkdigitalacess.vercel.app/back-redirect/,phishing,1.0,1.0,1.0,1.0,1.0,1.0,0.0,-1.0,nan,1.0,1.0,1.0,nan,1.0,1.0,1.0,1.0,1.0,-1.0,1.0,1.0,1.0,1.0,nan,1.0,nan,nan,nan,nan,nan
http://accessotkkdigital.vercel.app/,phishing,1.0,1.0,1.0,1.0,1.0,1.0,0.0,-1.0,nan,nan,1.0,1.0,nan,nan,nan,nan,nan,1.0,nan,nan,nan,nan,nan,nan,1.0,nan,nan,nan,nan,nan
https://fabrcicio14.github.io/produbanco/,phishing,1.0,1.0,1.0,1.0,1.0,1.0,0.0,0.0,nan,1.0,1.0,1.0,1.0,1.0,1.0,1.0,1.0,1.0,-1.0,1.0,1.0,1.0,1.0,nan,1.0,nan,nan,nan,nan,nan
https://fabrcicio14.github.io/produbanco/login.html,phishing,1.0,1.0,1.0,1.0,1.0,1.0,0.0,0.0,nan,1.0,1.0,1.0,1.0,1.0,1.0,1.0,1.0,1.0,-1.0,1.0,1.0,1.0,1.0,nan,1.0,nan,nan,nan,nan,nan
http://www.mooshimooshe.com/Login/?token=ed0211f6fe5f28a8de94765f31e5a4777518a86c95c283f678c51f771203670e489370de6911e072b45aa2c51cea54b814b2e98cdcbbbde11909b76b8d661b00,phishing,1.0,-1.0,1.0,1.0,1.0,1.0,1.0,-1.0,nan,nan,1.0,1.0,nan,nan,nan,nan,nan,1.0,nan,nan,nan,nan,nan,nan,1.0,nan,nan,nan,nan,nan
http://www.mooshimooshe.com/,phishing,1.0,1.0,1.0,1.0,1.0,1.0,1.0,-1.0,nan,nan,1.0,1.0,nan,nan,nan,nan,nan,1.0,nan,nan,nan,nan,nan,nan,1.0,nan,nan,nan,nan,nan
http://sp13ct-fransik-biz-hazmor-keldor.pages.dev/,phishing,1.0,1.0,1.0,1.0,1.0,-1.0,0.0,-1.0,nan,nan,1.0,1.0,nan,nan,nan,nan,nan,1.0,nan,nan,nan,nan,nan,nan,1.0,nan,nan,nan,nan,nan
https://get-web-whatapp.hl.cn/,phishing,1.0,1.0,1.0,1.0,1.0,-1.0,1.0,0.0,nan,nan,1.0,1.0,nan,nan,nan,nan,nan,1.0,nan,nan,nan,nan,nan,nan,1.0,nan,nan,nan,nan,nan
https://yuueuueyyryr.s3.us-west-1.amazonaws.com/deed.html,phishing,1.0,0.0,1.0,1.0,1.0,-1.0,-1.0,0.0,nan,1.0,1.0,1.0,nan,1.0,-1.0,-1.0,1.0,1.0,-1.0,1.0,1.0,1.0,1.0,nan,1.0,nan,nan,nan,nan,nan
http://dwadfergs.com/checkout.html,phishing,1.0,1.0,1.0,1.0,1.0,1.0,1.0,-1.0,nan,nan,1.0,1.0,nan,nan,nan,nan,nan,1.0,nan,nan,nan,nan,nan,nan,1.0,nan,nan,nan,nan,nan
https://326952.xyz/,phishing,1.0,1.0,1.0,1.0,1.0,1.0,1.0,0.0,nan,nan,1.0,1.0,nan,nan,nan,nan,nan,1.0,nan,nan,nan,nan,nan,nan,-1.0,nan,nan,nan,nan,nan
https://begin--ledgerlive.pages.dev/,phishing,1.0,1.0,1.0,1.0,1.0,-1.0,0.0,0.0,nan,nan,1.0,1.0,nan,nan,nan,nan,nan,1.0,nan,nan,nan,nan,nan,nan,1.0,nan,nan,nan,nan,nan
https://account-ledgr-start.pages.dev/,phishing,1.0,1.0,1.0,1.0,1.0,-1.0,0.0,0.0,nan,nan,1.0,1.0,nan,nan,nan,nan,nan,1.0,nan,nan,nan,nan,nan,nan,1.0,nan,nan,nan,nan,nan
https://www.myfidelitysite.com/AugustaHealth/augusta-health/12246,phishing,1.0,0.0,1.0,1.0,1.0,1.0,1.0,0.0,nan,1.0,1.0,1.0,1.0,0.0,1.0,1.0,1.0,1.0,-1.0,1.0,1.0,1.0,1.0,nan,1.0,nan,nan,nan,nan,nan
https://www.myfidelitysite.com/augustahealth,phishing,1.0,1.0,1.0,1.0,1.0,1.0,1.0,0.0,nan,1.0,1.0,1.0,1.0,0.0,1.0,1.0,1.0,1.0,-1.0,1.0,1.0,1.0,1.0,nan,1.0,nan,nan,nan,nan,nan
https://qrco.de/bgxcQm,phishing,1.0,1.0,1.0,1.0,1.0,1.0,1.0,0.0,nan,1.0,1.0,1.0,nan,-1.0,1.0,1.0,1.0,1.0,-1.0,1.0,1.0,1.0,1.0,nan,1.0,nan,nan,nan,nan,nan
https://asamee.com/ap/izkr8m3wb6oeav12n9ltu7xf0sdhgq4jc5ypxtk65gpr9juay1ih48ow3lc0qfs7bd2ezvnm,phishing,1.0,-1.0,1.0,1.0,1.0,1.0,1.0,0.0,nan,-1.0,1.0,1.0,-1.0,0.0,-1.0,-1.0,1.0,1.0,-1.0,1.0,1.0,1.0,1.0,nan,1.0,nan,nan,nan,nan,nan
https://asamee.com/,phishing,1.0,1.0,1.0,1.0,1.0,1.0,1.0,0.0,nan,1.0,1.0,1.0,nan,-1.0,1.0,-1.0,1.0,1.0,-1.0,1.0,1.0,1.0,1.0,nan,1.0,nan,nan,nan,nan,nan
http://mailcomcastnet.weebly.com/,phishing,1.0,1.0,1.0,1.0,1.0,1.0,0.0,-1.0,nan,nan,1.0,1.0,nan,nan,nan,nan,nan,1.0,nan,nan,nan,nan,nan,nan,1.0,nan,nan,nan,nan,nan
http://xfinitycomcastsecurity.weebly.com/,phishing,1.0,1.0,1.0,1.0,1.0,1.0,0.0,-1.0,nan,nan,1.0,1.0,nan,nan,nan,nan,nan,1.0,nan,nan,nan,nan,nan,nan,1.0,nan,nan,nan,nan,nan
https://www.acessoregularizacaocnh.online/,phishing,1.0,1.0,1.0,1.0,1.0,1.0,1.0,0.0,nan,nan,1.0,1.0,nan,nan,nan,nan,nan,1.0,nan,nan,nan,nan,nan,nan,-1.0,nan,nan,nan,nan,nan
https://available-ledger-hardware-wallet.pages.dev/,phishing,1.0,1.0,1.0,1.0,1.0,-1.0,0.0,0.0,nan,nan,1.0,1.0,nan,nan,nan,nan,nan,1.0,nan,nan,nan,nan,nan,nan,1.0,nan,nan,nan,nan,nan
https://lnglrl.com/ethhangqing/6777.html,phishing,1.0,1.0,1.0,1.0,1.0,1.0,1.0,0.0,nan,nan,1.0,1.0,nan,nan,nan,nan,nan,1.0,nan,nan,nan,nan,nan,nan,1.0,nan,nan,nan,nan,nan
https://tarjetasdecredito-bcolombia.vercel.app/,phishing,1.0,1.0,1.0,1.0,1.0,-1.0,0.0,0.0,nan,nan,1.0,1.0,nan,nan,nan,nan,nan,1.0,nan,nan,nan,nan,nan,nan,1.0,nan,nan,nan,nan,nan
https://creditopichincha-2026--creditoenline3.replit.app/,phishing,1.0,0.0,1.0,1.0,1.0,-1.0,0.0,0.0,nan,nan,1.0,1.0,nan,nan,nan,nan,nan,1.0,nan,nan,nan,nan,nan,nan,1.0,nan,nan,nan,nan,nan
https://com-myjahibi-visconowengroup.4everland.app/,phishing,1.0,1.0,1.0,1.0,1.0,-1.0,0.0,0.0,nan,-1.0,1.0,1.0,1.0,-1.0,-1.0,-1.0,1.0,1.0,-1.0,1.0,1.0,1.0,1.0,nan,1.0,nan,nan,nan,nan,nan
https://february-taxes-tent-cancellation.trycloudflare.com/,phishing,1.0,0.0,1.0,1.0,1.0,-1.0,0.0,0.0,nan,nan,1.0,1.0,nan,nan,nan,nan,nan,1.0,nan,nan,nan,nan,nan,nan,-1.0,nan,nan,nan,nan,nan
http://roblox-robux10kadm1n.blogspot.com/,phishing,1.0,1.0,1.0,1.0,1.0,-1.0,0.0,-1.0,nan,1.0,1.0,1.0,-1.0,1.0,-1.0,1.0,1.0,1.0,-1.0,1.0,1.0,1.0,1.0,nan,1.0,nan,nan,nan,nan,nan
https://breeding-metabolism-tel-talked.trycloudflare.com/,phishing,1.0,0.0,1.0,1.0,1.0,-1.0,0.0,0.0,nan,nan,1.0,1.0,nan,nan,nan,nan,nan,1.0,nan,nan,nan,nan,nan,nan,-1.0,nan,nan,nan,nan,nan
https://linkt.customerservicef.com/,phishing,1.0,1.0,1.0,1.0,1.0,1.0,0.0,0.0,nan,nan,1.0,1.0,nan,nan,nan,nan,nan,1.0,nan,nan,nan,nan,nan,nan,1.0,nan,nan,nan,nan,nan
https://location-pings.info/help?TbF,phishing,1.0,1.0,1.0,1.0,1.0,-1.0,1.0,0.0,nan,nan,1.0,1.0,nan,nan,nan,nan,nan,1.0,nan,nan,nan,nan,nan,nan,1.0,nan,nan,nan,nan,nan
https://lastrofinanceiroalpha.s3.us-east-005.backblazeb2.com/aumento.html,phishing,1.0,0.0,1.0,1.0,1.0,-1.0,-1.0,0.0,nan,nan,1.0,1.0,nan,nan,nan,nan,nan,1.0,nan,nan,nan,nan,nan,nan,1.0,nan,nan,nan,nan,nan
https://revanthchowdaryarekatla.github.io/MyShop/,phishing,1.0,1.0,1.0,1.0,1.0,1.0,0.0,0.0,nan,1.0,1.0,1.0,1.0,1.0,0.0,1.0,1.0,1.0,-1.0,1.0,1.0,1.0,1.0,nan,1.0,nan,nan,nan,nan,nan
https://portamtseg-socialgob.click/es,phishing,1.0,1.0,1.0,1.0,1.0,-1.0,1.0,0.0,nan,nan,1.0,1.0,nan,nan,nan,nan,nan,1.0,nan,nan,nan,nan,nan,nan,-1.0,nan,nan,nan,nan,nan
http://arch-z39.pages.dev/en/,phishing,1.0,1.0,1.0,1.0,1.0,-1.0,0.0,-1.0,nan,1.0,1.0,1.0,1.0,-1.0,0.0,1.0,1.0,1.0,-1.0,1.0,1.0,1.0,1.0,nan,1.0,nan,nan,nan,nan,nan
https://mm2-private-server.github.io/mm2-private-server/,phishing,1.0,0.0,1.0,1.0,1.0,-1.0,0.0,0.0,nan,1.0,1.0,1.0,-1.0,-1.0,nan,-1.0,1.0,1.0,-1.0,1.0,1.0,1.0,1.0,nan,1.0,nan,nan,nan,nan,nan
http://zhantuzs.com/,phishing,1.0,1.0,1.0,1.0,1.0,1.0,1.0,-1.0,nan,1.0,1.0,1.0,nan,-1.0,1.0,1.0,1.0,1.0,-1.0,1.0,1.0,1.0,1.0,nan,1.0,nan,nan,nan,nan,nan
https://www.teams-go.com/,phishing,1.0,1.0,1.0,1.0,1.0,-1.0,1.0,0.0,nan,nan,1.0,1.0,nan,nan,nan,nan,nan,1.0,nan,nan,nan,nan,nan,nan,-1.0,nan,nan,nan,nan,nan
http://meinpaypalnc-ch.peropack.be/,phishing,1.0,1.0,1.0,1.0,1.0,-1.0,0.0,-1.0,nan,1.0,1.0,1.0,nan,1.0,nan,1.0,1.0,1.0,-1.0,1.0,1.0,1.0,1.0,nan,1.0,nan,nan,nan,nan,nan
https://9000-firebase-hv-1781765441869.cluster-cd3bsnf6r5bemwki2bxljme5as.cloudworkstations.dev/?monospaceUid=102703,phishing,1.0,-1.0,1.0,1.0,1.0,-1.0,-1.0,0.0,nan,nan,1.0,1.0,nan,nan,nan,nan,nan,1.0,nan,nan,nan,nan,nan,nan,1.0,nan,nan,nan,nan,nan
https://ajustedeperfil.s3.us-east-005.backblazeb2.com/aumento.html,phishing,1.0,0.0,1.0,1.0,1.0,-1.0,-1.0,0.0,nan,nan,1.0,1.0,nan,nan,nan,nan,nan,1.0,nan,nan,nan,nan,nan,nan,1.0,nan,nan,nan,nan,nan
https://e720639b-3fe0-4f60-9dac-c851a51c27a4-00-1wfhaq8e2y5kg.worf.replit.dev/,phishing,1.0,-1.0,1.0,1.0,1.0,-1.0,-1.0,0.0,nan,nan,1.0,1.0,nan,nan,nan,nan,nan,1.0,nan,nan,nan,nan,nan,nan,1.0,nan,nan,nan,nan,nan
https://fellroriana.mx/,phishing,1.0,1.0,1.0,1.0,1.0,1.0,1.0,0.0,nan,nan,1.0,1.0,nan,nan,nan,nan,nan,1.0,nan,nan,nan,nan,nan,nan,-1.0,nan,nan,nan,nan,nan
https://rss2.sayler.at/go/y2c4v274/z274x264?label=gdr,phishing,1.0,1.0,1.0,1.0,1.0,1.0,0.0,0.0,nan,1.0,1.0,1.0,-1.0,-1.0,0.0,1.0,1.0,1.0,-1.0,1.0,1.0,1.0,1.0,nan,1.0,nan,nan,nan,nan,nan
https://cliente.motiva-rodoviadigital.com/,phishing,1.0,1.0,1.0,1.0,1.0,-1.0,0.0,0.0,nan,1.0,1.0,1.0,nan,1.0,nan,1.0,1.0,1.0,-1.0,1.0,1.0,1.0,1.0,nan,1.0,nan,nan,nan,nan,nan
https://pedagio-consulta.dns.army/placa/debitos/ver-debitos1/,phishing,1.0,0.0,1.0,1.0,1.0,-1.0,0.0,0.0,nan,1.0,1.0,1.0,1.0,-1.0,1.0,1.0,1.0,1.0,-1.0,1.0,1.0,1.0,1.0,nan,1.0,nan,nan,nan,nan,nan
https://facebookmail-facebook.blogspot.com/?m=1,phishing,1.0,1.0,1.0,1.0,1.0,-1.0,0.0,0.0,nan,1.0,1.0,1.0,nan,0.0,0.0,1.0,1.0,1.0,-1.0,1.0,1.0,1.0,1.0,nan,1.0,nan,nan,nan,nan,nan
https://www.facebookmail-facebook.blogspot.com/?m=1,phishing,1.0,1.0,1.0,1.0,1.0,-1.0,-1.0,0.0,nan,nan,1.0,1.0,nan,nan,nan,nan,nan,1.0,nan,nan,nan,nan,nan,nan,1.0,nan,nan,nan,nan,nan
https://qrco.de/bgxbk1,phishing,1.0,1.0,1.0,1.0,1.0,1.0,1.0,0.0,nan,1.0,1.0,1.0,nan,-1.0,1.0,1.0,1.0,1.0,-1.0,1.0,1.0,1.0,1.0,nan,1.0,nan,nan,nan,nan,nan
https://www.roblox.com.am/users/470067496566/profile,phishing,1.0,1.0,1.0,1.0,1.0,1.0,1.0,0.0,nan,nan,1.0,1.0,nan,nan,nan,nan,nan,1.0,nan,nan,nan,nan,nan,nan,1.0,nan,nan,nan,nan,nan
http://signin-icloud.sa.com/FL26,phishing,1.0,1.0,1.0,1.0,1.0,-1.0,0.0,-1.0,nan,nan,1.0,1.0,nan,nan,nan,nan,nan,1.0,nan,nan,nan,nan,nan,nan,-1.0,nan,nan,nan,nan,nan
https://facebook-2022.blogspot.com/,phishing,1.0,1.0,1.0,1.0,1.0,-1.0,0.0,0.0,nan,nan,1.0,1.0,nan,nan,nan,nan,nan,1.0,nan,nan,nan,nan,nan,nan,1.0,nan,nan,nan,nan,nan
https://www.facebook-2022.blogspot.com/,phishing,1.0,1.0,1.0,1.0,1.0,-1.0,-1.0,0.0,nan,nan,1.0,1.0,nan,nan,nan,nan,nan,1.0,nan,nan,nan,nan,nan,nan,1.0,nan,nan,nan,nan,nan
https://secure-portal-email.edgeone.dev/,phishing,1.0,1.0,1.0,1.0,1.0,-1.0,0.0,0.0,nan,1.0,1.0,1.0,1.0,-1.0,0.0,-1.0,1.0,1.0,-1.0,1.0,1.0,1.0,1.0,nan,1.0,nan,nan,nan,nan,nan
https://lphone-localizable.life/FL26,phishing,1.0,1.0,1.0,1.0,1.0,-1.0,1.0,0.0,nan,nan,1.0,1.0,nan,nan,nan,nan,nan,1.0,nan,nan,nan,nan,nan,nan,-1.0,nan,nan,nan,nan,nan
http://lphone-localizable.top/FL26,phishing,1.0,1.0,1.0,1.0,1.0,-1.0,1.0,-1.0,nan,nan,1.0,1.0,nan,nan,nan,nan,nan,1.0,nan,nan,nan,nan,nan,nan,-1.0,nan,nan,nan,nan,nan
https://mail.lphone-localizable.top/FL26,phishing,1.0,1.0,1.0,1.0,1.0,-1.0,0.0,0.0,nan,nan,1.0,1.0,nan,nan,nan,nan,nan,1.0,nan,nan,nan,nan,nan,nan,-1.0,nan,nan,nan,nan,nan
http://mail.lphone-localizable.life/FL26,phishing,1.0,1.0,1.0,1.0,1.0,-1.0,0.0,-1.0,nan,nan,1.0,1.0,nan,nan,nan,nan,nan,1.0,nan,nan,nan,nan,nan,nan,-1.0,nan,nan,nan,nan,nan
https://mail.signin-icloud.sa.com/FL26,phishing,1.0,1.0,1.0,1.0,1.0,-1.0,-1.0,0.0,nan,nan,1.0,1.0,nan,nan,nan,nan,nan,1.0,nan,nan,nan,nan,nan,nan,-1.0,nan,nan,nan,nan,nan
http://mail.photosalert-com.us/FL26/,phishing,1.0,1.0,1.0,1.0,1.0,-1.0,0.0,-1.0,nan,nan,1.0,1.0,nan,nan,nan,nan,nan,1.0,nan,nan,nan,nan,nan,nan,-1.0,nan,nan,nan,nan,nan
https://hovqr.me/e31f921a/,phishing,1.0,1.0,1.0,1.0,1.0,1.0,1.0,0.0,nan,nan,1.0,1.0,nan,nan,nan,nan,nan,1.0,nan,nan,nan,nan,nan,nan,1.0,nan,nan,nan,nan,nan
https://rbcode.net/v/e4ca8566fc6b9047b90ec9b6f161c83b,phishing,1.0,1.0,1.0,1.0,1.0,1.0,1.0,0.0,nan,1.0,1.0,1.0,1.0,1.0,-1.0,1.0,1.0,1.0,-1.0,1.0,1.0,1.0,1.0,nan,1.0,nan,nan,nan,nan,nan
http://bui809319-rgb.github.io/www.Roblox-vng.login,phishing,1.0,1.0,1.0,1.0,1.0,-1.0,0.0,-1.0,nan,1.0,1.0,1.0,-1.0,-1.0,nan,-1.0,1.0,1.0,-1.0,1.0,1.0,1.0,1.0,nan,1.0,nan,nan,nan,nan,nan
https://facebookloginpage1.blogspot.com/,phishing,1.0,1.0,1.0,1.0,1.0,1.0,0.0,0.0,nan,nan,1.0,1.0,nan,nan,nan,nan,nan,1.0,nan,nan,nan,nan,nan,nan,1.0,nan,nan,nan,nan,nan
https://www.www-mapsflndmy.info/FL26/,phishing,1.0,1.0,1.0,1.0,1.0,-1.0,1.0,0.0,nan,nan,1.0,1.0,nan,nan,nan,nan,nan,1.0,nan,nan,nan,nan,nan,nan,-1.0,nan,nan,nan,nan,nan
http://flndme-device.info/FL26/,phishing,1.0,1.0,1.0,1.0,1.0,-1.0,1.0,-1.0,nan,nan,1.0,1.0,nan,nan,nan,nan,nan,1.0,nan,nan,nan,nan,nan,nan,-1.0,nan,nan,nan,nan,nan
http://mail.www-mapsflndmy.info/FL26/,phishing,1.0,1.0,1.0,1.0,1.0,-1.0,0.0,-1.0,nan,nan,1.0,1.0,nan,nan,nan,nan,nan,1.0,nan,nan,nan,nan,nan,nan,-1.0,nan,nan,nan,nan,nan
https://www.roblox.com.gr/users/269079117221/profile,phishing,1.0,1.0,1.0,1.0,1.0,1.0,1.0,0.0,nan,nan,1.0,1.0,nan,nan,nan,nan,nan,1.0,nan,nan,nan,nan,nan,nan,1.0,nan,nan,nan,nan,nan
https://mail.flnd-location.us/FL26/,phishing,1.0,1.0,1.0,1.0,1.0,-1.0,0.0,0.0,nan,nan,1.0,1.0,nan,nan,nan,nan,nan,1.0,nan,nan,nan,nan,nan,nan,1.0,nan,nan,nan,nan,nan
https://mail.inf-cloud.us/FL26/,phishing,1.0,1.0,1.0,1.0,1.0,-1.0,0.0,0.0,nan,nan,1.0,1.0,nan,nan,nan,nan,nan,1.0,nan,nan,nan,nan,nan,nan,-1.0,nan,nan,nan,nan,nan
https://mail.icloudfind.live/FL26/,phishing,1.0,1.0,1.0,1.0,1.0,1.0,0.0,0.0,nan,nan,1.0,1.0,nan,nan,nan,nan,nan,1.0,nan,nan,nan,nan,nan,nan,1.0,nan,nan,nan,nan,nan
https://mail.phone-locatesvvblm.us/FL26/,phishing,1.0,1.0,1.0,1.0,1.0,-1.0,0.0,0.0,nan,nan,1.0,1.0,nan,nan,nan,nan,nan,1.0,nan,nan,nan,nan,nan,nan,-1.0,nan,nan,nan,nan,nan
http://icloudfind.live/FL26/,phishing,1.0,1.0,1.0,1.0,1.0,1.0,1.0,-1.0,nan,nan,1.0,1.0,nan,nan,nan,nan,nan,1.0,nan,nan,nan,nan,nan,nan,1.0,nan,nan,nan,nan,nan
https://inf-cloud.us/FL26/,phishing,1.0,1.0,1.0,1.0,1.0,-1.0,1.0,0.0,nan,nan,1.0,1.0,nan,nan,nan,nan,nan,1.0,nan,nan,nan,nan,nan,nan,-1.0,nan,nan,nan,nan,nan
http://mail.buscar-lphone.life/FL26/,phishing,1.0,1.0,1.0,1.0,1.0,-1.0,0.0,-1.0,nan,nan,1.0,1.0,nan,nan,nan,nan,nan,1.0,nan,nan,nan,nan,nan,nan,-1.0,nan,nan,nan,nan,nan
https://www.roblox.com.pt/games/77182599101794/4nn1s-Place?privateServerLinkCode=99382535900423182128231632453729,phishing,1.0,-1.0,1.0,1.0,1.0,1.0,1.0,0.0,nan,nan,1.0,1.0,nan,nan,nan,nan,nan,1.0,nan,nan,nan,nan,nan,nan,1.0,nan,nan,nan,nan,nan
https://promt-dpem7p8ov9s7.edgeone.dev/fitsal.html?eta=a.b@c,phishing,1.0,0.0,1.0,-1.0,1.0,-1.0,0.0,0.0,nan,nan,1.0,1.0,nan,nan,nan,nan,nan,-1.0,nan,nan,nan,nan,nan,nan,1.0,nan,nan,nan,nan,nan
https://nextwhatsapp.blogspot.com/,phishing,1.0,1.0,1.0,1.0,1.0,1.0,0.0,0.0,nan,nan,1.0,1.0,nan,nan,nan,nan,nan,1.0,nan,nan,nan,nan,nan,nan,1.0,nan,nan,nan,nan,nan
https://buscar-lphone.life/FL26/,phishing,1.0,1.0,1.0,1.0,1.0,-1.0,1.0,0.0,nan,nan,1.0,1.0,nan,nan,nan,nan,nan,1.0,nan,nan,nan,nan,nan,nan,-1.0,nan,nan,nan,nan,nan
http://www.facebooklogin123.blogspot.com/?m=1,phishing,1.0,1.0,1.0,1.0,1.0,1.0,-1.0,-1.0,nan,nan,1.0,1.0,nan,nan,nan,nan,nan,1.0,nan,nan,nan,nan,nan,nan,1.0,nan,nan,nan,nan,nan
https://www.fb-faceboook.blogspot.com/,phishing,1.0,1.0,1.0,1.0,1.0,-1.0,-1.0,0.0,nan,nan,1.0,1.0,nan,nan,nan,nan,nan,1.0,nan,nan,nan,nan,nan,nan,1.0,nan,nan,nan,nan,nan
https://www.mobile-xfinity.vercel.app/,phishing,1.0,1.0,1.0,1.0,1.0,-1.0,-1.0,0.0,nan,nan,1.0,1.0,nan,nan,nan,nan,nan,1.0,nan,nan,nan,nan,nan,nan,1.0,nan,nan,nan,nan,nan
https://www.rblx-r0bux540xyz.blogspot.com/,phishing,1.0,1.0,1.0,1.0,1.0,-1.0,-1.0,0.0,nan,nan,1.0,1.0,nan,nan,nan,nan,nan,1.0,nan,nan,nan,nan,nan,nan,1.0,nan,nan,nan,nan,nan
https://www.raiffeisen-five.vercel.app/,phishing,1.0,1.0,1.0,1.0,1.0,-1.0,-1.0,0.0,nan,nan,1.0,1.0,nan,nan,nan,nan,nan,1.0,nan,nan,nan,nan,nan,nan,1.0,nan,nan,nan,nan,nan
http://www.thisfreeinstagramfollowers.blogspot.com/,phishing,1.0,1.0,1.0,1.0,1.0,1.0,-1.0,-1.0,nan,nan,1.0,1.0,nan,nan,nan,nan,nan,1.0,nan,nan,nan,nan,nan,nan,1.0,nan,nan,nan,nan,nan
https://www.cancelcardiffbahora.vercel.app/,phishing,1.0,1.0,1.0,1.0,1.0,1.0,-1.0,0.0,nan,nan,1.0,1.0,nan,nan,nan,nan,nan,1.0,nan,nan,nan,nan,nan,nan,1.0,nan,nan,nan,nan,nan
http://326948.xyz/,phishing,1.0,1.0,1.0,1.0,1.0,1.0,1.0,-1.0,nan,nan,1.0,1.0,nan,nan,nan,nan,nan,1.0,nan,nan,nan,nan,nan,nan,-1.0,nan,nan,nan,nan,nan
https://siyahklasor.com/Login/?token=29b9895a2796f4dcac406c31325a4544f217672161f9c366474219e11cd542dbcaab2768e03c9c070761a4fde51271cafd96975af0e23ca588012c6cc1edb7bb,phishing,1.0,-1.0,1.0,1.0,1.0,1.0,1.0,0.0,nan,nan,1.0,1.0,nan,nan,nan,nan,nan,1.0,nan,nan,nan,nan,nan,nan,1.0,nan,nan,nan,nan,nan
https://siyahklasor.com/,phishing,1.0,1.0,1.0,1.0,1.0,1.0,1.0,0.0,nan,nan,1.0,1.0,nan,nan,nan,nan,nan,1.0,nan,nan,nan,nan,nan,nan,1.0,nan,nan,nan,nan,nan
https://97123.xyz/,phishing,1.0,1.0,1.0,1.0,1.0,1.0,1.0,0.0,nan,nan,1.0,1.0,nan,nan,nan,nan,nan,1.0,nan,nan,nan,nan,nan,nan,-1.0,nan,nan,nan,nan,nan
http://addqo.com/,phishing,1.0,1.0,1.0,1.0,1.0,1.0,1.0,-1.0,nan,nan,1.0,1.0,nan,nan,nan,nan,nan,1.0,nan,nan,nan,nan,nan,nan,1.0,nan,nan,nan,nan,nan
https://fellroriana.com/,phishing,1.0,1.0,1.0,1.0,1.0,1.0,1.0,0.0,nan,nan,1.0,1.0,nan,nan,nan,nan,nan,1.0,nan,nan,nan,nan,nan,nan,1.0,nan,nan,nan,nan,nan
http://flnd-location.us/FL26/,phishing,1.0,1.0,1.0,1.0,1.0,-1.0,1.0,-1.0,nan,nan,1.0,1.0,nan,nan,nan,nan,nan,1.0,nan,nan,nan,nan,nan,nan,1.0,nan,nan,nan,nan,nan
https://steamcommunityio.ink/pubg,phishing,1.0,1.0,1.0,1.0,1.0,1.0,1.0,0.0,nan,nan,1.0,1.0,nan,nan,nan,nan,nan,1.0,nan,nan,nan,nan,nan,nan,1.0,nan,nan,nan,nan,nan
http://dhltools.se/,phishing,1.0,1.0,1.0,1.0,1.0,1.0,1.0,-1.0,nan,1.0,1.0,1.0,nan,1.0,1.0,-1.0,1.0,1.0,-1.0,1.0,1.0,1.0,1.0,nan,1.0,nan,nan,nan,nan,nan
http://mvrql5dplix-ybfchyhy-3c4d9e-kx177a.pages.dev/,phishing,1.0,1.0,1.0,1.0,1.0,-1.0,0.0,-1.0,nan,nan,1.0,1.0,nan,nan,nan,nan,nan,1.0,nan,nan,nan,nan,nan,nan,1.0,nan,nan,nan,nan,nan
https://aum0718.github.io/Netflix_clone/,phishing,1.0,1.0,1.0,1.0,1.0,1.0,0.0,0.0,nan,1.0,1.0,1.0,1.0,-1.0,1.0,-1.0,1.0,1.0,-1.0,1.0,1.0,1.0,1.0,nan,1.0,nan,nan,nan,nan,nan
https://help-metamuskwalet.gitbook.io/,phishing,1.0,1.0,1.0,1.0,1.0,-1.0,0.0,0.0,nan,nan,1.0,1.0,nan,nan,nan,nan,nan,1.0,nan,nan,nan,nan,nan,nan,1.0,nan,nan,nan,nan,nan
https://mok1715.github.io/Netflix-Landing-Page-Clone/,phishing,1.0,1.0,1.0,1.0,1.0,1.0,0.0,0.0,nan,1.0,1.0,1.0,-1.0,1.0,1.0,1.0,1.0,1.0,-1.0,1.0,1.0,1.0,1.0,nan,1.0,nan,nan,nan,nan,nan
https://devsanmaden.com/Login/?token=7fa93775b6f898323af3ead3a1976cd6f2f0b88b55c52efbc5d8677149fcf31514efc0112f971574f771cb0afb543ddbfaa6d3c51840269efabd0beb57e637a3,phishing,1.0,-1.0,1.0,1.0,1.0,1.0,1.0,0.0,nan,nan,1.0,1.0,nan,nan,nan,nan,nan,1.0,nan,nan,nan,nan,nan,nan,1.0,nan,nan,nan,nan,nan
https://devsanmaden.com/,phishing,1.0,1.0,1.0,1.0,1.0,1.0,1.0,0.0,nan,nan,1.0,1.0,nan,nan,nan,nan,nan,1.0,nan,nan,nan,nan,nan,nan,1.0,nan,nan,nan,nan,nan
https://dev-docusign-net-signing-document.pantheonsite.io/?email=valor9@177290b2aaf56e788a7e9c66c16ee5e50c5e.com&company=FREEPORT%20FIRE/EMS,phishing,1.0,-1.0,1.0,-1.0,1.0,-1.0,0.0,0.0,nan,1.0,1.0,1.0,1.0,1.0,1.0,1.0,1.0,-1.0,-1.0,1.0,1.0,1.0,1.0,nan,1.0,nan,nan,nan,nan,nan
https://lntermatico.virtual-ecuador.online/,phishing,1.0,1.0,1.0,1.0,1.0,-1.0,0.0,0.0,nan,nan,1.0,1.0,nan,nan,nan,nan,nan,1.0,nan,nan,nan,nan,nan,nan,-1.0,nan,nan,nan,nan,nan
https://vmi3479190.contaboserver.net/TT/pages/err-login.php,phishing,1.0,0.0,1.0,1.0,1.0,1.0,0.0,0.0,nan,nan,1.0,1.0,nan,nan,nan,nan,nan,1.0,nan,nan,nan,nan,nan,nan,1.0,nan,nan,nan,nan,nan
http://claimed-gifts.blogspot.com/?m=1,phishing,1.0,1.0,1.0,1.0,1.0,-1.0,0.0,-1.0,nan,nan,1.0,1.0,nan,nan,nan,nan,nan,1.0,nan,nan,nan,nan,nan,nan,1.0,nan,nan,nan,nan,nan
https://hi.fxxycr.com/yits/Latest2025.html?eta=janon@3439ed354a2a2702e6a515299044949fc153.com,phishing,1.0,-1.0,1.0,-1.0,1.0,1.0,0.0,0.0,nan,1.0,1.0,1.0,-1.0,1.0,-1.0,-1.0,1.0,-1.0,-1.0,1.0,1.0,1.0,1.0,nan,1.0,nan,nan,nan,nan,nan
https://www.it-supportdesk.com/signin?t=eyJhbGciOiJIUzI1NiJ9.eyJ0cmFja2luZ190b2tlbiI6IjJkNWFhODRiLWIwNWYtNDU3My04MWIxLWZkODJlODBlMjZkMSIsImNlbGwiOiJodHRwczovL3FnYmZ3b3c2MGYuZXhlY3V0ZS1hcGkudXMtd2VzdC0yLmFtYXpvbmF3cy5jb20vcHJvZC9hcGkvcGhpc2hpbmdjYW1wYWlnbiIsImNhbXBhaWduX3Rva2VuIjoiZGM5OWUzNDktMzQ2NC00ZDdiLTkxM2QtNDY1NDFhOGRhMjc5IiwidGVzdF90b2tlbiI6ZmFsc2UsImV4dGVybmFsX3RyYWluaW5nIjpmYWxzZSwiZGlyZWN0X2RlbGl2ZXJ5Ijp0cnVlLCJpYXQiOjE3ODYyMjIzMjYsImlzcyI6Imh0dHBzOi8vYXBwLnBoaXNodGhyZWF0LmNvbSIsImV4cCI6MTc5Mzk5ODMyNn0.wzHHY_-E8emzpmEyY5NKtAQqPaulBB_vhrF8lo6B49g,phishing,1.0,-1.0,1.0,1.0,1.0,-1.0,1.0,0.0,nan,1.0,1.0,1.0,1.0,-1.0,-1.0,1.0,1.0,1.0,-1.0,1.0,1.0,1.0,1.0,nan,1.0,nan,nan,nan,nan,nan
https://qrco.de/bgxQZ9,phishing,1.0,1.0,1.0,1.0,1.0,1.0,1.0,0.0,nan,1.0,1.0,1.0,nan,-1.0,1.0,1.0,1.0,1.0,-1.0,1.0,1.0,1.0,1.0,nan,1.0,nan,nan,nan,nan,nan
https://www.15372.xyz/,phishing,1.0,1.0,1.0,1.0,1.0,1.0,1.0,0.0,nan,nan,1.0,1.0,nan,nan,nan,nan,nan,1.0,nan,nan,nan,nan,nan,nan,-1.0,nan,nan,nan,nan,nan
https://xelmavi-vrk-belquna-p2t9dk81.pages.dev/,phishing,1.0,1.0,1.0,1.0,1.0,-1.0,0.0,0.0,nan,nan,1.0,1.0,nan,nan,nan,nan,nan,1.0,nan,nan,nan,nan,nan,nan,1.0,nan,nan,nan,nan,nan
https://architayadav0707.github.io/spotify-clone,phishing,1.0,1.0,1.0,1.0,1.0,1.0,0.0,0.0,nan,1.0,1.0,1.0,1.0,-1.0,0.0,1.0,1.0,1.0,-1.0,1.0,1.0,1.0,1.0,nan,1.0,nan,nan,nan,nan,nan
https://aniel1921.github.io/Netflix-Clone,phishing,1.0,1.0,1.0,1.0,1.0,1.0,0.0,0.0,nan,1.0,1.0,1.0,1.0,1.0,1.0,1.0,1.0,1.0,-1.0,1.0,1.0,1.0,1.0,nan,1.0,nan,nan,nan,nan,nan
https://sachinkumar0407.github.io/NETFLIX-CLONE,phishing,1.0,1.0,1.0,1.0,1.0,1.0,0.0,0.0,nan,1.0,1.0,1.0,nan,1.0,1.0,1.0,1.0,1.0,-1.0,1.0,1.0,1.0,1.0,nan,1.0,nan,nan,nan,nan,nan
https://essentialoilroots.com/docs/sbcglobal/,phishing,1.0,1.0,1.0,1.0,1.0,1.0,1.0,0.0,nan,1.0,1.0,1.0,-1.0,-1.0,nan,-1.0,1.0,1.0,-1.0,1.0,1.0,1.0,1.0,nan,1.0,nan,nan,nan,nan,nan
http://www.17560.xyz/,phishing,1.0,1.0,1.0,1.0,1.0,1.0,1.0,-1.0,nan,nan,1.0,1.0,nan,nan,nan,nan,nan,1.0,nan,nan,nan,nan,nan,nan,-1.0,nan,nan,nan,nan,nan
https://isamrabbani.github.io/Web-Project,phishing,1.0,1.0,1.0,1.0,1.0,1.0,0.0,0.0,nan,1.0,1.0,1.0,nan,-1.0,0.0,1.0,1.0,1.0,-1.0,1.0,1.0,1.0,1.0,nan,1.0,nan,nan,nan,nan,nan
https://malikauppala.github.io/E-Commerce-Website,phishing,1.0,1.0,1.0,1.0,1.0,1.0,0.0,0.0,nan,1.0,1.0,1.0,nan,-1.0,0.0,1.0,1.0,1.0,-1.0,1.0,1.0,1.0,1.0,nan,1.0,nan,nan,nan,nan,nan
http://black-card-472507.framer.app/,phishing,1.0,1.0,1.0,1.0,1.0,-1.0,0.0,-1.0,nan,nan,1.0,1.0,nan,nan,nan,nan,nan,1.0,nan,nan,nan,nan,nan,nan,1.0,nan,nan,nan,nan,nan
https://sms-ghost.top/,phishing,1.0,1.0,1.0,1.0,1.0,-1.0,1.0,0.0,nan,nan,1.0,1.0,nan,nan,nan,nan,nan,1.0,nan,nan,nan,nan,nan,nan,-1.0,nan,nan,nan,nan,nan
http://rivere.s3-website-us-west-1.amazonaws.com/?uid=abuse@namecheap.com,phishing,1.0,0.0,1.0,-1.0,1.0,-1.0,-1.0,-1.0,nan,1.0,1.0,1.0,nan,-1.0,-1.0,1.0,1.0,-1.0,-1.0,1.0,1.0,1.0,1.0,nan,1.0,nan,nan,nan,nan,nan
http://office.zepke-consulting.sbs/common/oauth2/v2.0/authorize?client_id=4765445b-32c6-49b0-83e6-1d93765276ca,phishing,1.0,-1.0,1.0,1.0,1.0,-1.0,0.0,-1.0,nan,nan,1.0,1.0,nan,nan,nan,nan,nan,1.0,nan,nan,nan,nan,nan,nan,1.0,nan,nan,nan,nan,nan
https://faccebook.com.vn/timbannay1008vietnam2026us,phishing,1.0,1.0,1.0,1.0,1.0,1.0,1.0,0.0,nan,1.0,1.0,1.0,nan,1.0,nan,1.0,1.0,1.0,-1.0,1.0,1.0,1.0,1.0,nan,1.0,nan,nan,nan,nan,nan
http://findmaps.us/R1m,phishing,1.0,1.0,1.0,1.0,1.0,1.0,1.0,-1.0,nan,nan,1.0,1.0,nan,nan,nan,nan,nan,1.0,nan,nan,nan,nan,nan,nan,1.0,nan,nan,nan,nan,nan
http://sinkrone.com/saiko/action.htm,phishing,1.0,1.0,1.0,1.0,1.0,1.0,1.0,-1.0,nan,1.0,1.0,1.0,1.0,-1.0,-1.0,-1.0,1.0,1.0,-1.0,1.0,1.0,1.0,1.0,nan,1.0,nan,nan,nan,nan,nan
http://findmaps.us/B9L,phishing,1.0,1.0,1.0,1.0,1.0,1.0,1.0,-1.0,nan,-1.0,1.0,1.0,nan,-1.0,0.0,1.0,1.0,1.0,-1.0,1.0,1.0,1.0,1.0,nan,1.0,nan,nan,nan,nan,nan
http://logid359-hlga.blogspot.com/,phishing,1.0,1.0,1.0,1.0,1.0,-1.0,0.0,-1.0,nan,1.0,1.0,1.0,nan,0.0,0.0,1.0,1.0,1.0,-1.0,1.0,1.0,1.0,1.0,nan,1.0,nan,nan,nan,nan,nan
https://rbcode.net/v/50913ac38df258eb152227f2dca2fb5c,phishing,1.0,1.0,1.0,1.0,1.0,1.0,1.0,0.0,nan,1.0,1.0,1.0,1.0,1.0,-1.0,1.0,1.0,1.0,-1.0,1.0,1.0,1.0,1.0,nan,1.0,nan,nan,nan,nan,nan
https://sp13ct-prador-biz-zelmik-kansor.pages.dev/,phishing,1.0,1.0,1.0,1.0,1.0,-1.0,0.0,0.0,nan,nan,1.0,1.0,nan,nan,nan,nan,nan,1.0,nan,nan,nan,nan,nan,nan,1.0,nan,nan,nan,nan,nan
https://shopeeid547.blogspot.com/,phishing,1.0,1.0,1.0,1.0,1.0,1.0,0.0,0.0,nan,1.0,1.0,1.0,-1.0,-1.0,0.0,1.0,1.0,1.0,-1.0,1.0,1.0,1.0,1.0,nan,1.0,nan,nan,nan,nan,nan
https://findmaps.us/help?mCR,phishing,1.0,1.0,1.0,1.0,1.0,1.0,1.0,0.0,nan,nan,1.0,1.0,nan,nan,nan,nan,nan,1.0,nan,nan,nan,nan,nan,nan,1.0,nan,nan,nan,nan,nan
http://findmaps.us/mCR,phishing,1.0,1.0,1.0,1.0,1.0,1.0,1.0,-1.0,nan,-1.0,1.0,1.0,nan,-1.0,0.0,1.0,1.0,1.0,-1.0,1.0,1.0,1.0,1.0,nan,1.0,nan,nan,nan,nan,nan
https://vihaanrawat.github.io/netflix-ui-clone/,phishing,1.0,1.0,1.0,1.0,1.0,1.0,0.0,0.0,nan,1.0,1.0,1.0,1.0,-1.0,1.0,1.0,1.0,1.0,-1.0,1.0,1.0,1.0,1.0,nan,1.0,nan,nan,nan,nan,nan
https://akashghoredev-26.github.io/Netflix-India-Clone/,phishing,1.0,0.0,1.0,1.0,1.0,-1.0,0.0,0.0,nan,1.0,1.0,1.0,1.0,-1.0,1.0,-1.0,1.0,1.0,-1.0,1.0,1.0,1.0,1.0,nan,1.0,nan,nan,nan,nan,nan
https://bhartrajsaini4144-stack.github.io/Netflix-Clone/,phishing,1.0,0.0,1.0,1.0,1.0,-1.0,0.0,0.0,nan,1.0,1.0,1.0,1.0,-1.0,0.0,1.0,1.0,1.0,-1.0,1.0,1.0,1.0,1.0,nan,1.0,nan,nan,nan,nan,nan
https://mon-delta-indol.vercel.app/Mondaypp.html,phishing,1.0,1.0,1.0,1.0,1.0,-1.0,0.0,0.0,nan,nan,1.0,1.0,nan,nan,nan,nan,nan,1.0,nan,nan,nan,nan,nan,nan,1.0,nan,nan,nan,nan,nan
https://bui809319-rgb.github.io/www.Roblox-vng.login/,phishing,1.0,1.0,1.0,1.0,1.0,-1.0,0.0,0.0,nan,1.0,1.0,1.0,-1.0,-1.0,nan,-1.0,1.0,1.0,-1.0,1.0,1.0,1.0,1.0,nan,1.0,nan,nan,nan,nan,nan
https://bui809319-rgb.github.io/Gfchhc/,phishing,1.0,1.0,1.0,1.0,1.0,-1.0,0.0,0.0,nan,-1.0,1.0,1.0,-1.0,-1.0,-1.0,-1.0,1.0,1.0,-1.0,1.0,1.0,1.0,1.0,nan,1.0,nan,nan,nan,nan,nan
https://kunalkharat2008.github.io/Amazon-Homepage-Clone/,phishing,1.0,0.0,1.0,1.0,1.0,1.0,0.0,0.0,nan,nan,1.0,1.0,nan,nan,nan,nan,nan,1.0,nan,nan,nan,nan,nan,nan,1.0,nan,nan,nan,nan,nan
https://bui809319-rgb.github.io/C-c-me/,phishing,1.0,1.0,1.0,1.0,1.0,-1.0,0.0,0.0,nan,1.0,1.0,1.0,-1.0,-1.0,nan,-1.0,1.0,1.0,-1.0,1.0,1.0,1.0,1.0,nan,1.0,nan,nan,nan,nan,nan
https://metamuxsklogen.gitbook.io/us,phishing,1.0,1.0,1.0,1.0,1.0,1.0,0.0,0.0,nan,nan,1.0,1.0,nan,nan,nan,nan,nan,1.0,nan,nan,nan,nan,nan,nan,1.0,nan,nan,nan,nan,nan
https://yahoomailoilna.github.io/yahoo/,phishing,1.0,1.0,1.0,1.0,1.0,1.0,0.0,0.0,nan,1.0,1.0,1.0,1.0,-1.0,0.0,-1.0,1.0,1.0,-1.0,1.0,1.0,1.0,1.0,nan,1.0,nan,nan,nan,nan,nan
https://bui809319-rgb.github.io/T-ng-ng-i/,phishing,1.0,1.0,1.0,1.0,1.0,-1.0,0.0,0.0,nan,1.0,1.0,1.0,nan,-1.0,nan,-1.0,1.0,1.0,-1.0,1.0,1.0,1.0,1.0,nan,1.0,nan,nan,nan,nan,nan
https://sp15ct-nulqor-biz-zavren-telvi.pages.dev/,phishing,1.0,1.0,1.0,1.0,1.0,-1.0,0.0,0.0,nan,nan,1.0,1.0,nan,nan,nan,nan,nan,1.0,nan,nan,nan,nan,nan,nan,1.0,nan,nan,nan,nan,nan
https://www.roblox.com.bi/games/111810451367031/Find-Obby-Zone-NEW-POSES?privateServerLinkCode=21493531677170510696328924809468,phishing,1.0,-1.0,1.0,1.0,1.0,1.0,1.0,0.0,nan,nan,1.0,1.0,nan,nan,nan,nan,nan,1.0,nan,nan,nan,nan,nan,nan,1.0,nan,nan,nan,nan,nan
https://g5.lu/48tkc,phishing,1.0,1.0,1.0,1.0,1.0,1.0,1.0,0.0,nan,nan,1.0,1.0,nan,nan,nan,nan,nan,1.0,nan,nan,nan,nan,nan,nan,1.0,nan,nan,nan,nan,nan
http://loginservice.cloud/E.D_4ouY6_LyE?/articles/How-do-I-sign-a-DocuSign-document-Basic-Signing,phishing,1.0,-1.0,1.0,1.0,1.0,1.0,1.0,-1.0,nan,1.0,1.0,1.0,0.0,-1.0,1.0,1.0,1.0,1.0,-1.0,1.0,1.0,1.0,1.0,nan,1.0,nan,nan,nan,nan,nan
https://www.gbkilt.com/,phishing,1.0,1.0,1.0,1.0,1.0,1.0,1.0,0.0,nan,1.0,1.0,1.0,nan,1.0,nan,1.0,1.0,1.0,-1.0,1.0,1.0,1.0,1.0,nan,1.0,nan,nan,nan,nan,nan
https://approved-doc.sharpbranding.de/SxS9T/index.php,phishing,1.0,1.0,1.0,1.0,1.0,-1.0,0.0,0.0,nan,nan,1.0,1.0,nan,nan,nan,nan,nan,1.0,nan,nan,nan,nan,nan,nan,1.0,nan,nan,nan,nan,nan
https://site-mguv8qsqe.godaddysites.com/,phishing,1.0,1.0,1.0,1.0,1.0,-1.0,0.0,0.0,nan,nan,1.0,1.0,nan,nan,nan,nan,nan,1.0,nan,nan,nan,nan,nan,nan,1.0,nan,nan,nan,nan,nan
https://whatsappwebred.blogspot.com/?m=1,phishing,1.0,1.0,1.0,1.0,1.0,1.0,0.0,0.0,nan,nan,1.0,1.0,nan,nan,nan,nan,nan,1.0,nan,nan,nan,nan,nan,nan,1.0,nan,nan,nan,nan,nan
https://www.y36l.top/,phishing,1.0,1.0,1.0,1.0,1.0,1.0,1.0,0.0,nan,1.0,1.0,1.0,nan,-1.0,nan,1.0,1.0,1.0,-1.0,1.0,1.0,1.0,1.0,nan,1.0,nan,nan,nan,nan,nan
https://tienda.airis.es/js/de/,phishing,1.0,1.0,1.0,1.0,1.0,1.0,0.0,0.0,nan,nan,1.0,1.0,nan,nan,nan,nan,nan,1.0,nan,nan,nan,nan,nan,nan,1.0,nan,nan,nan,nan,nan
https://tienda.airis.es/js/de/misangros.html,phishing,1.0,1.0,1.0,1.0,1.0,1.0,0.0,0.0,nan,nan,1.0,1.0,nan,nan,nan,nan,nan,1.0,nan,nan,nan,nan,nan,nan,1.0,nan,nan,nan,nan,nan
https://tienda.airis.es/js/de/chiwhsd.html,phishing,1.0,1.0,1.0,1.0,1.0,1.0,0.0,0.0,nan,nan,1.0,1.0,nan,nan,nan,nan,nan,1.0,nan,nan,nan,nan,nan,nan,1.0,nan,nan,nan,nan,nan
https://my-pay.pal-ch.com/?gi=666d13e4013e,phishing,1.0,1.0,1.0,1.0,1.0,-1.0,0.0,0.0,nan,nan,1.0,1.0,nan,nan,nan,nan,nan,1.0,nan,nan,nan,nan,nan,nan,1.0,nan,nan,nan,nan,nan
https://www.navigator.follow.solutions.forward.ch.matrassenstock.be/,phishing,1.0,0.0,1.0,1.0,1.0,1.0,-1.0,0.0,nan,nan,1.0,1.0,nan,nan,nan,nan,nan,1.0,nan,nan,nan,nan,nan,nan,1.0,nan,nan,nan,nan,nan
http://authenticate-ledger.com.rahmanlegal.com/,phishing,1.0,1.0,1.0,1.0,1.0,-1.0,-1.0,-1.0,nan,nan,1.0,1.0,nan,nan,nan,nan,nan,1.0,nan,nan,nan,nan,nan,nan,-1.0,nan,nan,nan,nan,nan
http://www.netflix-ui-clone-two.vercel.app/,phishing,1.0,1.0,1.0,1.0,1.0,-1.0,-1.0,-1.0,nan,nan,1.0,1.0,nan,nan,nan,nan,nan,1.0,nan,nan,nan,nan,nan,nan,1.0,nan,nan,nan,nan,nan
http://www.comcastt1eyr.weebly.com/,phishing,1.0,1.0,1.0,1.0,1.0,1.0,-1.0,-1.0,nan,nan,1.0,1.0,nan,nan,nan,nan,nan,1.0,nan,nan,nan,nan,nan,nan,1.0,nan,nan,nan,nan,nan
http://x39p.top/,phishing,1.0,1.0,1.0,1.0,1.0,1.0,1.0,-1.0,nan,nan,1.0,1.0,nan,nan,nan,nan,nan,1.0,nan,nan,nan,nan,nan,nan,-1.0,nan,nan,nan,nan,nan
http://www.netflix-clone-opal-iota.vercel.app/,phishing,1.0,1.0,1.0,1.0,1.0,-1.0,-1.0,-1.0,nan,nan,1.0,1.0,nan,nan,nan,nan,nan,1.0,nan,nan,nan,nan,nan,nan,1.0,nan,nan,nan,nan,nan
https://mansithakur204.github.io/spotify-inspired-music-player,phishing,1.0,0.0,1.0,1.0,1.0,1.0,0.0,0.0,nan,1.0,1.0,1.0,1.0,-1.0,0.0,1.0,1.0,1.0,-1.0,1.0,1.0,1.0,1.0,nan,1.0,nan,nan,nan,nan,nan
http://www.site-jn6w55wca.godaddysites.com/,phishing,1.0,1.0,1.0,1.0,1.0,-1.0,-1.0,-1.0,nan,nan,1.0,1.0,nan,nan,nan,nan,nan,1.0,nan,nan,nan,nan,nan,nan,1.0,nan,nan,nan,nan,nan
http://www.instagramfollowersfake.blogspot.com/,phishing,1.0,1.0,1.0,1.0,1.0,1.0,-1.0,-1.0,nan,nan,1.0,1.0,nan,nan,nan,nan,nan,1.0,nan,nan,nan,nan,nan,nan,1.0,nan,nan,nan,nan,nan
https://www.faceboomlogin.blogspot.com/,phishing,1.0,1.0,1.0,1.0,1.0,1.0,-1.0,0.0,nan,nan,1.0,1.0,nan,nan,nan,nan,nan,1.0,nan,nan,nan,nan,nan,nan,1.0,nan,nan,nan,nan,nan
http://addons-moz-illa-org.pages.dev/,phishing,1.0,1.0,1.0,1.0,1.0,-1.0,0.0,-1.0,nan,nan,1.0,1.0,nan,nan,nan,nan,nan,1.0,nan,nan,nan,nan,nan,nan,1.0,nan,nan,nan,nan,nan
http://www.xfmailconnect.weebly.com/,phishing,1.0,1.0,1.0,1.0,1.0,1.0,-1.0,-1.0,nan,nan,1.0,1.0,nan,nan,nan,nan,nan,1.0,nan,nan,nan,nan,nan,nan,1.0,nan,nan,nan,nan,nan
https://nlink.at/www_roblox_com_users_7324139977_profile,phishing,1.0,0.0,1.0,1.0,1.0,1.0,1.0,0.0,nan,nan,1.0,1.0,nan,nan,nan,nan,nan,1.0,nan,nan,nan,nan,nan,nan,1.0,nan,nan,nan,nan,nan
https://www.roblox.com.bi/users/133565866456/profile,phishing,1.0,1.0,1.0,1.0,1.0,1.0,1.0,0.0,nan,nan,1.0,1.0,nan,nan,nan,nan,nan,1.0,nan,nan,nan,nan,nan,nan,1.0,nan,nan,nan,nan,nan
http://www.comcastxfi.weebly.com/,phishing,1.0,1.0,1.0,1.0,1.0,1.0,-1.0,-1.0,nan,nan,1.0,1.0,nan,nan,nan,nan,nan,1.0,nan,nan,nan,nan,nan,nan,1.0,nan,nan,nan,nan,nan
http://www.c0nectt.weebly.com/,phishing,1.0,1.0,1.0,1.0,1.0,1.0,-1.0,-1.0,nan,nan,1.0,1.0,nan,nan,nan,nan,nan,1.0,nan,nan,nan,nan,nan,nan,1.0,nan,nan,nan,nan,nan
https://rechnungdirekt24.com/public/de.html,phishing,1.0,1.0,1.0,1.0,1.0,1.0,1.0,0.0,nan,1.0,1.0,1.0,-1.0,-1.0,-1.0,1.0,1.0,1.0,-1.0,1.0,1.0,1.0,1.0,nan,1.0,nan,nan,nan,nan,nan
https://www.roblox.com.pt/users/282030707450/profile,phishing,1.0,1.0,1.0,1.0,1.0,1.0,1.0,0.0,nan,nan,1.0,1.0,nan,nan,nan,nan,nan,1.0,nan,nan,nan,nan,nan,nan,1.0,nan,nan,nan,nan,nan
https://www.tranifer-bnb.vercel.app/,phishing,1.0,1.0,1.0,1.0,1.0,-1.0,-1.0,0.0,nan,nan,1.0,1.0,nan,nan,nan,nan,nan,1.0,nan,nan,nan,nan,nan,nan,1.0,nan,nan,nan,nan,nan
https://www.netflix-clone-gray-iota.vercel.app/,phishing,1.0,1.0,1.0,1.0,1.0,-1.0,-1.0,0.0,nan,nan,1.0,1.0,nan,nan,nan,nan,nan,1.0,nan,nan,nan,nan,nan,nan,1.0,nan,nan,nan,nan,nan
https://www.site-ah3d6z3ed.godaddysites.com/,phishing,1.0,1.0,1.0,1.0,1.0,-1.0,-1.0,0.0,nan,nan,1.0,1.0,nan,nan,nan,nan,nan,1.0,nan,nan,nan,nan,nan,nan,1.0,nan,nan,nan,nan,nan
https://25f54b2b-58b1-45c3-bd24-0ee1c8e9cfd0.selstorage.ru/524/52462818748/bcb/52462818748_bcbc735fc613264a17e73dd987c14ae8.jpg,phishing,1.0,-1.0,1.0,1.0,1.0,-1.0,0.0,0.0,nan,nan,1.0,1.0,nan,nan,nan,nan,nan,1.0,nan,nan,nan,nan,nan,nan,1.0,nan,nan,nan,nan,nan
https://hnhpvt.website/,phishing,1.0,1.0,1.0,1.0,1.0,1.0,1.0,0.0,nan,nan,1.0,1.0,nan,nan,nan,nan,nan,1.0,nan,nan,nan,nan,nan,nan,1.0,nan,nan,nan,nan,nan
http://www.facebook-2-0-dun.vercel.app/,phishing,1.0,1.0,1.0,1.0,1.0,-1.0,-1.0,-1.0,nan,nan,1.0,1.0,nan,nan,nan,nan,nan,1.0,nan,nan,nan,nan,nan,nan,1.0,nan,nan,nan,nan,nan
http://robloxc.com.es/users/190934801/profile,phishing,1.0,1.0,1.0,1.0,1.0,1.0,1.0,-1.0,nan,nan,1.0,1.0,nan,nan,nan,nan,nan,1.0,nan,nan,nan,nan,nan,nan,1.0,nan,nan,nan,nan,nan
http://www.site-mjemyma8d.godaddysites.com/,phishing,1.0,1.0,1.0,1.0,1.0,-1.0,-1.0,-1.0,nan,nan,1.0,1.0,nan,nan,nan,nan,nan,1.0,nan,nan,nan,nan,nan,nan,1.0,nan,nan,nan,nan,nan
https://xlbdw5avstr-ycgfnmja-8d9e2f-xlq20c.pages.dev/,phishing,1.0,1.0,1.0,1.0,1.0,-1.0,0.0,0.0,nan,nan,1.0,1.0,nan,nan,nan,nan,nan,1.0,nan,nan,nan,nan,nan,nan,1.0,nan,nan,nan,nan,nan
http://www.cancelacardiffseguro360.vercel.app/,phishing,1.0,1.0,1.0,1.0,1.0,1.0,-1.0,-1.0,nan,nan,1.0,1.0,nan,nan,nan,nan,nan,1.0,nan,nan,nan,nan,nan,nan,1.0,nan,nan,nan,nan,nan
https://polite-bavarois-37ef3b.netlify.app/,phishing,1.0,1.0,1.0,1.0,1.0,-1.0,0.0,0.0,nan,nan,1.0,1.0,nan,nan,nan,nan,nan,1.0,nan,nan,nan,nan,nan,nan,1.0,nan,nan,nan,nan,nan
http://roblox.com.pt/,phishing,1.0,1.0,1.0,1.0,1.0,1.0,1.0,-1.0,nan,nan,1.0,1.0,nan,nan,nan,nan,nan,1.0,nan,nan,nan,nan,nan,nan,1.0,nan,nan,nan,nan,nan
http://virtual-personas.de/,phishing,1.0,1.0,1.0,1.0,1.0,-1.0,1.0,-1.0,nan,nan,1.0,1.0,nan,nan,nan,nan,nan,1.0,nan,nan,nan,nan,nan,nan,1.0,nan,nan,nan,nan,nan
https://norqula-nqx-zentora-p1t7dw65.pages.dev/,phishing,1.0,1.0,1.0,1.0,1.0,-1.0,0.0,0.0,nan,nan,1.0,1.0,nan,nan,nan,nan,nan,1.0,nan,nan,nan,nan,nan,nan,1.0,nan,nan,nan,nan,nan
http://long-cake-a10a.buidebidexlvtey.workers.dev/meta.help,phishing,1.0,0.0,1.0,1.0,1.0,-1.0,-1.0,-1.0,nan,nan,1.0,1.0,nan,nan,nan,nan,nan,1.0,nan,nan,nan,nan,nan,nan,1.0,nan,nan,nan,nan,nan
https://naybabuta.github.io/nay-tify/,phishing,1.0,1.0,1.0,1.0,1.0,1.0,0.0,0.0,nan,1.0,1.0,1.0,1.0,-1.0,0.0,1.0,1.0,1.0,-1.0,1.0,1.0,1.0,1.0,nan,1.0,nan,nan,nan,nan,nan
https://rblox363.github.io/roblox-lg/,phishing,1.0,1.0,1.0,1.0,1.0,1.0,0.0,0.0,nan,1.0,1.0,1.0,-1.0,-1.0,nan,-1.0,1.0,1.0,-1.0,1.0,1.0,1.0,1.0,nan,1.0,nan,nan,nan,nan,nan
https://rblx3.github.io/rblx/,phishing,1.0,1.0,1.0,1.0,1.0,1.0,0.0,0.0,nan,nan,1.0,1.0,nan,nan,nan,nan,nan,1.0,nan,nan,nan,nan,nan,nan,1.0,nan,nan,nan,nan,nan
https://xelmavi-vrk-belquna-p2t9dk81.pages.dev/send_appeal_request,phishing,1.0,0.0,1.0,1.0,1.0,-1.0,0.0,0.0,nan,nan,1.0,1.0,nan,nan,nan,nan,nan,1.0,nan,nan,nan,nan,nan,nan,1.0,nan,nan,nan,nan,nan
https://rblox363.github.io/rob/,phishing,1.0,1.0,1.0,1.0,1.0,1.0,0.0,0.0,nan,1.0,1.0,1.0,-1.0,-1.0,nan,-1.0,1.0,1.0,-1.0,1.0,1.0,1.0,1.0,nan,1.0,nan,nan,nan,nan,nan
http://locketheart.org/proj/oneapp,phishing,1.0,1.0,1.0,1.0,1.0,1.0,1.0,-1.0,nan,nan,1.0,1.0,nan,nan,nan,nan,nan,1.0,nan,nan,nan,nan,nan,nan,1.0,nan,nan,nan,nan,nan
https://sp15ct-zavven-biz-korun-qelix.pages.dev/,phishing,1.0,1.0,1.0,1.0,1.0,-1.0,0.0,0.0,nan,nan,1.0,1.0,nan,nan,nan,nan,nan,1.0,nan,nan,nan,nan,nan,nan,1.0,nan,nan,nan,nan,nan
https://7ro-wwv-ftvh-2np810-9v8crh.pages.dev/,phishing,1.0,1.0,1.0,1.0,1.0,-1.0,0.0,0.0,nan,nan,1.0,1.0,nan,nan,nan,nan,nan,1.0,nan,nan,nan,nan,nan,nan,1.0,nan,nan,nan,nan,nan
https://sp15ct-turqel-biz-zunax-kavro.pages.dev/,phishing,1.0,1.0,1.0,1.0,1.0,-1.0,0.0,0.0,nan,nan,1.0,1.0,nan,nan,nan,nan,nan,1.0,nan,nan,nan,nan,nan,nan,1.0,nan,nan,nan,nan,nan
https://www.roblox.com.gr/games/8737899170/-PIATA-MAZE-Pet-Simulator-99-?privateServerLinkCode=87969680078065820214840649414941,phishing,1.0,-1.0,1.0,1.0,1.0,1.0,1.0,0.0,nan,nan,1.0,1.0,nan,nan,nan,nan,nan,1.0,nan,nan,nan,nan,nan,nan,1.0,nan,nan,nan,nan,nan
https://login-soporte.iceiy.com/?i=1,phishing,1.0,1.0,1.0,1.0,1.0,-1.0,0.0,0.0,nan,nan,1.0,1.0,nan,nan,nan,nan,nan,1.0,nan,nan,nan,nan,nan,nan,1.0,nan,nan,nan,nan,nan
https://i.gal/ZmUim,phishing,1.0,1.0,1.0,1.0,1.0,1.0,1.0,0.0,nan,nan,1.0,1.0,nan,nan,nan,nan,nan,1.0,nan,nan,nan,nan,nan,nan,1.0,nan,nan,nan,nan,nan
http://www.hotmailskjfhurytnadinbox.weebly.com/,phishing,1.0,1.0,1.0,1.0,1.0,1.0,-1.0,-1.0,nan,nan,1.0,1.0,nan,nan,nan,nan,nan,1.0,nan,nan,nan,nan,nan,nan,1.0,nan,nan,nan,nan,nan
http://www.blox-drop.online/,phishing,1.0,1.0,1.0,1.0,1.0,-1.0,1.0,-1.0,nan,nan,1.0,1.0,nan,nan,nan,nan,nan,1.0,nan,nan,nan,nan,nan,nan,-1.0,nan,nan,nan,nan,nan
https://goo.su/mchiajsi,phishing,1.0,1.0,1.0,1.0,1.0,1.0,1.0,0.0,nan,1.0,1.0,1.0,nan,1.0,nan,1.0,1.0,1.0,-1.0,1.0,1.0,1.0,1.0,nan,1.0,nan,nan,nan,nan,nan
https://fb-faceboook.blogspot.com/?google_abuse=GOOGLE_ABUSE_EXEMPTION=ID=177b9949f8930038:TM=1785479352:C=%3E:IP=2605:fe80:2b:105:1c00:5fff:fe00:292-:S=rEAZNIrShlz_CMcj-uQ9MQ;+path=/;+domain=google.com;+expires=Fri,phishing,1.0,-1.0,1.0,1.0,1.0,-1.0,0.0,0.0,nan,nan,1.0,1.0,nan,nan,nan,nan,nan,1.0,nan,nan,nan,nan,nan,nan,1.0,nan,nan,nan,nan,nan
https://rroblox.wf/share?code=96041925588136299153057679665385&type=Profile&source=ProfileShare&gameid=2753915549,phishing,1.0,-1.0,1.0,1.0,1.0,1.0,1.0,0.0,nan,-1.0,1.0,1.0,-1.0,0.0,-1.0,-1.0,1.0,1.0,1.0,1.0,1.0,1.0,-1.0,nan,1.0,nan,nan,nan,nan,nan
https://www.google.com,legitimate,1.0,1.0,1.0,1.0,1.0,1.0,1.0,0.0,nan,1.0,1.0,1.0,1.0,1.0,1.0,1.0,1.0,1.0,-1.0,1.0,1.0,1.0,1.0,nan,1.0,nan,nan,nan,nan,nan
https://www.youtube.com,legitimate,1.0,1.0,1.0,1.0,1.0,1.0,1.0,0.0,nan,1.0,1.0,1.0,nan,1.0,1.0,1.0,1.0,1.0,-1.0,1.0,1.0,1.0,1.0,nan,1.0,nan,nan,nan,nan,nan
https://github.com,legitimate,1.0,1.0,1.0,1.0,1.0,1.0,1.0,0.0,nan,1.0,1.0,1.0,-1.0,1.0,-1.0,1.0,1.0,1.0,-1.0,1.0,1.0,1.0,1.0,nan,1.0,nan,nan,nan,nan,nan
https://stackoverflow.com,legitimate,1.0,1.0,1.0,1.0,1.0,1.0,1.0,0.0,nan,nan,1.0,1.0,nan,nan,nan,nan,nan,1.0,nan,nan,nan,nan,nan,nan,1.0,nan,nan,nan,nan,nan
https://www.wikipedia.org,legitimate,1.0,1.0,1.0,1.0,1.0,1.0,1.0,0.0,nan,nan,1.0,1.0,nan,nan,nan,nan,nan,1.0,nan,nan,nan,nan,nan,nan,1.0,nan,nan,nan,nan,nan
https://twitter.com,legitimate,1.0,1.0,1.0,1.0,1.0,1.0,1.0,0.0,nan,1.0,1.0,1.0,nan,-1.0,-1.0,1.0,1.0,1.0,-1.0,1.0,1.0,1.0,1.0,nan,1.0,nan,nan,nan,nan,nan
https://www.linkedin.com,legitimate,1.0,1.0,1.0,1.0,1.0,1.0,1.0,0.0,nan,-1.0,1.0,1.0,-1.0,1.0,-1.0,1.0,1.0,1.0,-1.0,1.0,1.0,1.0,1.0,nan,1.0,nan,nan,nan,nan,nan
https://www.facebook.com,legitimate,1.0,1.0,1.0,1.0,1.0,1.0,1.0,0.0,nan,-1.0,1.0,1.0,nan,0.0,0.0,-1.0,1.0,1.0,-1.0,1.0,1.0,1.0,1.0,nan,1.0,nan,nan,nan,nan,nan
https://www.instagram.com,legitimate,1.0,1.0,1.0,1.0,1.0,1.0,1.0,0.0,nan,-1.0,1.0,1.0,1.0,1.0,0.0,1.0,1.0,1.0,-1.0,1.0,1.0,1.0,1.0,nan,1.0,nan,nan,nan,nan,nan
https://www.reddit.com,legitimate,1.0,1.0,1.0,1.0,1.0,1.0,1.0,0.0,nan,-1.0,1.0,1.0,nan,1.0,-1.0,1.0,1.0,1.0,-1.0,1.0,1.0,1.0,1.0,nan,1.0,nan,nan,nan,nan,nan
https://www.amazon.com,legitimate,1.0,1.0,1.0,1.0,1.0,1.0,1.0,0.0,nan,nan,1.0,1.0,nan,nan,nan,nan,nan,1.0,nan,nan,nan,nan,nan,nan,1.0,nan,nan,nan,nan,nan
https://www.netflix.com,legitimate,1.0,1.0,1.0,1.0,1.0,1.0,1.0,0.0,nan,-1.0,1.0,1.0,nan,1.0,-1.0,1.0,1.0,1.0,0.0,1.0,1.0,1.0,1.0,nan,1.0,nan,nan,nan,nan,nan
https://www.microsoft.com,legitimate,1.0,1.0,1.0,1.0,1.0,1.0,1.0,0.0,nan,1.0,1.0,1.0,-1.0,0.0,0.0,1.0,1.0,1.0,-1.0,1.0,1.0,1.0,1.0,nan,1.0,nan,nan,nan,nan,nan
https://www.apple.com,legitimate,1.0,1.0,1.0,1.0,1.0,1.0,1.0,0.0,nan,1.0,1.0,1.0,0.0,1.0,1.0,1.0,1.0,1.0,-1.0,1.0,1.0,1.0,1.0,nan,1.0,nan,nan,nan,nan,nan
https://www.cisco.com,legitimate,1.0,1.0,1.0,1.0,1.0,1.0,1.0,0.0,nan,1.0,1.0,1.0,1.0,0.0,1.0,1.0,1.0,1.0,-1.0,1.0,1.0,1.0,1.0,nan,1.0,nan,nan,nan,nan,nan
https://www.ibm.com,legitimate,1.0,1.0,1.0,1.0,1.0,1.0,1.0,0.0,nan,1.0,1.0,1.0,-1.0,0.0,1.0,-1.0,1.0,1.0,-1.0,1.0,1.0,1.0,1.0,nan,1.0,nan,nan,nan,nan,nan
https://www.oracle.com,legitimate,1.0,1.0,1.0,1.0,1.0,1.0,1.0,0.0,nan,nan,1.0,1.0,nan,nan,nan,nan,nan,1.0,nan,nan,nan,nan,nan,nan,1.0,nan,nan,nan,nan,nan
https://www.salesforce.com,legitimate,1.0,1.0,1.0,1.0,1.0,1.0,1.0,0.0,nan,1.0,1.0,1.0,-1.0,1.0,-1.0,1.0,1.0,1.0,-1.0,1.0,1.0,1.0,1.0,nan,1.0,nan,nan,nan,nan,nan
https://www.adobe.com,legitimate,1.0,1.0,1.0,1.0,1.0,1.0,1.0,0.0,nan,1.0,1.0,1.0,nan,1.0,nan,1.0,1.0,1.0,-1.0,1.0,1.0,1.0,1.0,nan,1.0,nan,nan,nan,nan,nan
https://www.samsung.com,legitimate,1.0,1.0,1.0,1.0,1.0,1.0,1.0,0.0,nan,-1.0,1.0,1.0,-1.0,1.0,0.0,0.0,1.0,1.0,-1.0,1.0,1.0,1.0,-1.0,nan,1.0,nan,nan,nan,nan,nan
https://www.huawei.com,legitimate,1.0,1.0,1.0,1.0,1.0,1.0,1.0,0.0,nan,1.0,1.0,1.0,-1.0,0.0,1.0,1.0,1.0,1.0,-1.0,1.0,1.0,1.0,1.0,nan,1.0,nan,nan,nan,nan,nan
https://www.tesla.com,legitimate,1.0,1.0,1.0,1.0,1.0,1.0,1.0,0.0,nan,nan,1.0,1.0,nan,nan,nan,nan,nan,1.0,nan,nan,nan,nan,nan,nan,1.0,nan,nan,nan,nan,nan
https://www.spacex.com,legitimate,1.0,1.0,1.0,1.0,1.0,1.0,1.0,0.0,nan,1.0,1.0,1.0,nan,1.0,1.0,1.0,1.0,1.0,-1.0,1.0,1.0,1.0,1.0,nan,1.0,nan,nan,nan,nan,nan
https://www.openai.com,legitimate,1.0,1.0,1.0,1.0,1.0,1.0,1.0,0.0,nan,nan,1.0,1.0,nan,nan,nan,nan,nan,1.0,nan,nan,nan,nan,nan,nan,1.0,nan,nan,nan,nan,nan
https://developers.google.com,legitimate,1.0,1.0,1.0,1.0,1.0,1.0,0.0,0.0,nan,-1.0,1.0,1.0,1.0,-1.0,0.0,1.0,1.0,1.0,-1.0,1.0,1.0,1.0,1.0,nan,1.0,nan,nan,nan,nan,nan
https://docs.python.org,legitimate,1.0,1.0,1.0,1.0,1.0,1.0,0.0,0.0,nan,1.0,1.0,1.0,1.0,1.0,1.0,1.0,1.0,1.0,-1.0,1.0,1.0,1.0,1.0,nan,1.0,nan,nan,nan,nan,nan
https://nodejs.org,legitimate,1.0,1.0,1.0,1.0,1.0,1.0,1.0,0.0,nan,1.0,1.0,1.0,nan,-1.0,1.0,1.0,1.0,1.0,-1.0,1.0,1.0,1.0,1.0,nan,1.0,nan,nan,nan,nan,nan
https://www.docker.com,legitimate,1.0,1.0,1.0,1.0,1.0,1.0,1.0,0.0,nan,1.0,1.0,1.0,1.0,1.0,1.0,1.0,1.0,1.0,-1.0,1.0,1.0,1.0,1.0,nan,1.0,nan,nan,nan,nan,nan
https://kubernetes.io,legitimate,1.0,1.0,1.0,1.0,1.0,1.0,1.0,0.0,nan,1.0,1.0,1.0,1.0,0.0,1.0,1.0,1.0,1.0,-1.0,1.0,1.0,1.0,-1.0,nan,1.0,nan,nan,nan,nan,nan
https://reactjs.org,legitimate,1.0,1.0,1.0,1.0,1.0,1.0,1.0,0.0,nan,1.0,1.0,1.0,1.0,-1.0,0.0,-1.0,1.0,1.0,-1.0,1.0,1.0,1.0,1.0,nan,1.0,nan,nan,nan,nan,nan
https://angular.io,legitimate,1.0,1.0,1.0,1.0,1.0,1.0,1.0,0.0,nan,1.0,1.0,1.0,nan,0.0,0.0,1.0,1.0,1.0,-1.0,1.0,1.0,1.0,1.0,nan,1.0,nan,nan,nan,nan,nan
https://www.postgresql.org,legitimate,1.0,1.0,1.0,1.0,1.0,1.0,1.0,0.0,nan,1.0,1.0,1.0,1.0,1.0,1.0,1.0,1.0,1.0,-1.0,1.0,1.0,1.0,1.0,nan,1.0,nan,nan,nan,nan,nan
https://www.mysql.com,legitimate,1.0,1.0,1.0,1.0,1.0,1.0,1.0,0.0,nan,-1.0,1.0,1.0,1.0,0.0,0.0,0.0,1.0,1.0,-1.0,1.0,1.0,1.0,1.0,nan,1.0,nan,nan,nan,nan,nan
https://redis.io,legitimate,1.0,1.0,1.0,1.0,1.0,1.0,1.0,0.0,nan,1.0,1.0,1.0,-1.0,1.0,1.0,1.0,1.0,1.0,-1.0,1.0,1.0,1.0,1.0,nan,1.0,nan,nan,nan,nan,nan
https://www.mongodb.com,legitimate,1.0,1.0,1.0,1.0,1.0,1.0,1.0,0.0,nan,1.0,1.0,1.0,-1.0,1.0,0.0,1.0,1.0,1.0,-1.0,1.0,1.0,1.0,1.0,nan,1.0,nan,nan,nan,nan,nan
https://git-scm.com,legitimate,1.0,1.0,1.0,1.0,1.0,-1.0,1.0,0.0,nan,1.0,1.0,1.0,1.0,1.0,1.0,1.0,1.0,1.0,-1.0,1.0,1.0,1.0,1.0,nan,1.0,nan,nan,nan,nan,nan
